"","Name","Rank","Year","Type","Duration","Genre","Rating","MetaScore","Desc","Director_Stars","Votes","Gross"
"1","Shoah",1,"-1985","PG","566 min","Documentary, History, War",8.7,99,"Claude Lanzmann's epic documentary recounts the story of the Holocaust through interviews with witnesses - perpetrators as well as survivors.","Director:
Claude Lanzmann
                 | 
    Stars:
Simon Srebnik, 
Michael Podchlebnik, 
Motke Zaïdl, 
Hanna Zaïdl","9,984","$0.02M"
"2","Home",2,"(I) (2009)","U","118 min","Documentary",8.5,47,"With aerial footage from fifty-four countries, 'Home' is a depiction of how Earth's problems are all interlinked.","Director:
Yann Arthus-Bertrand
                 | 
    Stars:
Yann Arthus-Bertrand, 
Glenn Close, 
Jacques Gamblin","",""
"3","Untouchable",3,"-2011","15","112 min","Biography, Comedy, Drama",8.5,57,"After he becomes a quadriplegic from a paragliding accident, an aristocrat hires a young man from the projects to be his caregiver.","Directors:
Olivier Nakache, 
Éric Toledano
                 | 
    Stars:
François Cluzet, 
Omar Sy, 
Anne Le Ny, 
Audrey Fleurot","",""
"4","Le Trou",4,"-1960","A","131 min","Crime, Drama, Thriller",8.5,NA,"Distrust and uncertainty arise when four long-term inmates cautiously induct a new prisoner into their elaborate prison-break scheme.","Director:
Jacques Becker
                 | 
    Stars:
André Bervil, 
Jean Keraudy, 
Michel Constantin, 
Philippe Leroy","",""
"5","The Man Who Planted Trees",5,"-1987","","30 min","Animation, Short, Drama",8.5,NA,"The story of a shepherd's single handed quest to re-forest a barren valley.","Director:
Frédéric Back
                 | 
    Stars:
Philippe Noiret, 
Christopher Plummer","",""
"6","Children of Paradise",6,"-1945","A","189 min","Drama, Romance",8.3,96,"The theatrical life of a beautiful courtesan in 1830s Paris and the four men who love her.","Director:
Marcel Carné
                 | 
    Stars:
Arletty, 
Jean-Louis Barrault, 
Pierre Brasseur, 
Pierre Renoir","",""
"7","Amélie",7,"-2001","15","122 min","Comedy, Romance",8.3,69,"Despite being caught in her imaginative world, Amelie, a young waitress, decides to help people find happiness. Her quest to spread joy leads her on a journey where she finds true love.","Director:
Jean-Pierre Jeunet
                 | 
    Stars:
Audrey Tautou, 
Mathieu Kassovitz, 
Rufus, 
Lorella Cravotta","",""
"8","Incendies",8,"-2010","15","131 min","Drama, Mystery, War",8.3,80,"Twins journey to the Middle East to discover their family history and fulfill their mother's last wishes.","Director:
Denis Villeneuve
                 | 
    Stars:
Lubna Azabal, 
Mélissa Désormeaux-Poulin, 
Maxim Gaudette, 
Mustafa Kamel","",""
"9","La Jetée",9,"-1962","A","28 min","Short, Drama, Romance",8.2,NA,"The story of a man forced to explore his memories in the wake of World War III's devastation, told through still images.","Director:
Chris Marker
                 | 
    Stars:
Étienne Becker, 
Jean Négroni, 
Hélène Chatelain, 
Davos Hanich","",""
"10","A Man Escaped",10,"-1956","U","101 min","Drama, Thriller, War",8.2,NA,"A captured French Resistance fighter during WWII engineers a daunting escape from a Nazi prison in France.","Director:
Robert Bresson
                 | 
    Stars:
François Leterrier, 
Charles Le Clainche, 
Maurice Beerblock, 
Roland Monod","",""
"11","A Trip to the Moon",11,"-1902","U","13 min","Short, Action, Adventure",8.2,NA,"A group of astronomers go on an expedition to the Moon.","Director:
Georges Méliès
                 | 
    Stars:
Georges Méliès, 
Victor André, 
Bleuette Bernon, 
Brunnet","",""
"12","Z",12,"-1969","A","127 min","Crime, Drama, Thriller",8.2,86,"The public murder of a prominent politician and doctor amid a violent demonstration is covered up by military and government officials. A tenacious magistrate is determined not to let them get away with it.","Director:
Costa-Gavras
                 | 
    Stars:
Yves Montand, 
Irene Papas, 
Jean-Louis Trintignant, 
François Périer","",""
"13","Army of Shadows",13,"-1969","AA","145 min","Drama, War",8.1,99,"An account of underground resistance fighters in Nazi-occupied France.","Director:
Jean-Pierre Melville
                 | 
    Stars:
Lino Ventura, 
Paul Meurisse, 
Jean-Pierre Cassel, 
Simone Signoret","",""
"14","La haine",14,"-1995","15","98 min","Crime, Drama",8.1,NA,"24 hours in the lives of three young men in the French suburbs the day after a violent riot.","Director:
Mathieu Kassovitz
                 | 
    Stars:
Vincent Cassel, 
Hubert Koundé, 
Saïd Taghmaoui, 
Abdel Ahmed Ghili","",""
"15","The 400 Blows",15,"-1959","A","99 min","Crime, Drama",8.1,NA,"A young boy, left without attention, delves into a life of petty crime.","Director:
François Truffaut
                 | 
    Stars:
Jean-Pierre Léaud, 
Albert Rémy, 
Claire Maurier, 
Guy Decomble","",""
"16","Three Colours: Red",16,"-1994","15","99 min","Drama, Mystery, Romance",8.1,100,"A model discovers a retired judge is keen on invading people's privacy.","Director:
Krzysztof Kieslowski
                 | 
    Stars:
Irène Jacob, 
Jean-Louis Trintignant, 
Frédérique Feder, 
Jean-Pierre Lorit","",""
"17","Portrait of a Lady on Fire",17,"-2019","15","122 min","Drama",8.1,95,"On an isolated island in Brittany at the end of the eighteenth century, a female painter is obliged to paint a wedding portrait of a young woman.","Director:
Céline Sciamma
                 | 
    Stars:
Noémie Merlant, 
Adèle Haenel, 
Luàna Bajrami, 
Valeria Golino","",""
"18","The Wages of Fear",18,"-1953","A","131 min","Adventure, Drama, Thriller",8.2,85,"In a decrepit South American village, four men are hired to transport an urgent nitroglycerine shipment without the equipment that would make it safe.","Director:
Henri-Georges Clouzot
                 | 
    Stars:
Yves Montand, 
Charles Vanel, 
Peter van Eyck, 
Folco Lulli","",""
"19","The Battle of Algiers",19,"-1966","X","121 min","Drama, War",8.1,96,"In the 1950s, fear and violence escalate as the people of Algiers fight for independence from the French government.","Director:
Gillo Pontecorvo
                 | 
    Stars:
Brahim Hadjadj, 
Jean Martin, 
Yacef Saadi, 
Samia Kerbash","",""
"20","Mommy",20,"(I) (2014)","15","139 min","Drama",8,74,"A widowed single mother, raising her violent son alone, finds new hope when a mysterious neighbor inserts herself into their household.","Director:
Xavier Dolan
                 | 
    Stars:
Anne Dorval, 
Antoine Olivier Pilon, 
Suzanne Clément, 
Patrick Huard","",""
"21","The Passion of Joan of Arc",21,"-1928","A","110 min","Biography, Drama, History",8.2,98,"In 1431, Jeanne d'Arc is placed on trial on charges of heresy. The ecclesiastical jurists attempt to force Jeanne to recant her claims of holy visions.","Director:
Carl Theodor Dreyer
                 | 
    Stars:
Maria Falconetti, 
Eugene Silvain, 
André Berley, 
Maurice Schutz","",""
"22","Le Samouraï",22,"-1967","A","105 min","Crime, Drama, Thriller",8,NA,"After professional hitman Jef Costello is seen by witnesses his efforts to provide himself an alibi drive him further into a corner.","Director:
Jean-Pierre Melville
                 | 
    Stars:
Alain Delon, 
François Périer, 
Nathalie Delon, 
Cathy Rosier","",""
"23","La Grande Illusion",23,"-1937","U","113 min","Drama, War",8.1,NA,"During WWI, two French soldiers are captured and imprisoned in a German P.O.W. camp. Several escape attempts follow until they are eventually sent to a seemingly inescapable fortress.","Director:
Jean Renoir
                 | 
    Stars:
Jean Gabin, 
Dita Parlo, 
Pierre Fresnay, 
Erich von Stroheim","",""
"24","Rififi",24,"-1955","12","118 min","Crime, Drama, Thriller",8.1,97,"Four men plan a technically perfect crime, but the human element intervenes...","Director:
Jules Dassin
                 | 
    Stars:
Jean Servais, 
Carl Möhner, 
Robert Manuel, 
Janine Darcey","",""
"25","The Diving Bell and the Butterfly",25,"-2007","12","112 min","Biography, Drama",8,92,"The true story of Elle editor Jean-Dominique Bauby who suffers a stroke and has to live with an almost totally paralyzed body; only his left eye isn't paralyzed.","Director:
Julian Schnabel
                 | 
    Stars:
Mathieu Amalric, 
Emmanuelle Seigner, 
Marie-Josée Croze, 
Anne Consigny","",""
"26","Persepolis",26,"-2007","12A","96 min","Animation, Biography, Drama",8,90,"A precocious and outspoken Iranian girl grows up during the Islamic Revolution.","Directors:
Vincent Paronnaud, 
Marjane Satrapi
                 | 
    Stars:
Chiara Mastroianni, 
Catherine Deneuve, 
Gena Rowlands, 
Danielle Darrieux","",""
"27","Les Diaboliques",27,"-1955","X","117 min","Crime, Drama, Horror",8.1,NA,"The wife and mistress of a loathed school principal plan to murder him with what they believe is the perfect alibi.","Director:
Henri-Georges Clouzot
                 | 
    Stars:
Simone Signoret, 
Véra Clouzot, 
Paul Meurisse, 
Charles Vanel","",""
"28","Forbidden Games",28,"-1952","X","86 min","Comedy, Drama, War",8,NA,"A young French girl orphaned in a Nazi air attack is befriended by the son of a poor farmer, and together they try to come to terms with the realities of death.","Director:
René Clément
                 | 
    Stars:
Georges Poujouly, 
Brigitte Fossey, 
Amédée, 
Laurence Badie","",""
"29","Au Revoir les Enfants",29,"-1987","PG","104 min","Drama, War",8,88,"A French boarding school run by priests seems to be a haven from World War II until a new student arrives. Occupying the next bed in the dormitory to the top student in his class, the two young boys begin to form a bond.","Director:
Louis Malle
                 | 
    Stars:
Gaspard Manesse, 
Raphael Fejtö, 
Francine Racette, 
Stanislas Carré de Malberg","",""
"30","Vivre Sa Vie",30,"-1962","X","83 min","Drama",7.8,NA,"Twelve episodic tales in the life of a Parisian woman and her slow descent into prostitution.","Director:
Jean-Luc Godard
                 | 
    Stars:
Anna Karina, 
Sady Rebbot, 
André S. Labarthe, 
Guylaine Schlumberger","",""
"31","The Rules of the Game",31,"-1939","PG","110 min","Comedy, Drama",7.9,99,"A bourgeois life in France at the onset of World War II, as the rich and their poor servants meet up at a French chateau.","Director:
Jean Renoir
                 | 
    Stars:
Marcel Dalio, 
Nora Gregor, 
Paulette Dubost, 
Mila Parély","",""
"32","Jean de Florette",32,"-1986","PG","120 min","Comedy, Drama",8.1,NA,"A greedy landowner and his backward nephew conspire to block the only water source for an adjoining property in order to bankrupt the owner and force him to sell.","Director:
Claude Berri
                 | 
    Stars:
Yves Montand, 
Gérard Depardieu, 
Daniel Auteuil, 
Elisabeth Depardieu","",""
"33","The Red Circle",33,"-1970","A","140 min","Crime, Drama, Thriller",7.9,92,"After leaving prison, master thief Corey crosses paths with a notorious escapee and an alcoholic former policeman. The trio proceed to plot an elaborate heist.","Director:
Jean-Pierre Melville
                 | 
    Stars:
Alain Delon, 
Bourvil, 
Gian Maria Volontè, 
Yves Montand","",""
"34","Lift to the Scaffold",34,"-1958","A","91 min","Crime, Drama, Thriller",7.9,94,"A self-assured businessman murders his employer, the husband of his mistress, which unintentionally provokes an ill-fated chain of events.","Director:
Louis Malle
                 | 
    Stars:
Jeanne Moreau, 
Maurice Ronet, 
Georges Poujouly, 
Yori Bertin","",""
"35","Manon des Sources",35,"-1986","PG","113 min","Drama, Western",8,NA,"A beautiful but shy shepherdess plots vengeance on the men whose greedy conspiracy to acquire her father's land caused his death years earlier.","Director:
Claude Berri
                 | 
    Stars:
Yves Montand, 
Emmanuelle Béart, 
Daniel Auteuil, 
Hippolyte Girardot","",""
"36","Day for Night",36,"-1973","AA","116 min","Comedy, Drama, Romance",8,NA,"A committed film director struggles to complete his movie while coping with a myriad of crises, personal and professional, among the cast and crew.","Director:
François Truffaut
                 | 
    Stars:
Jacqueline Bisset, 
Jean-Pierre Léaud, 
François Truffaut, 
Valentina Cortese","",""
"37","Sans Soleil",37,"-1983","15","104 min","Documentary, Drama",7.8,NA,"A woman narrates the contemplative writings of a seasoned world traveler, focusing on contemporary Japan.","Director:
Chris Marker
                 | 
    Stars:
Amilcar Cabral, 
Florence Delay, 
Arielle Dombasle, 
Riyoko Ikeda","",""
"38","La Grande Vadrouille",38,"-1966","U","132 min","Adventure, Comedy, War",7.9,NA,"Several ordinary Frenchmen go on an epic voyage through the occupied country to the free zone as they help British pilots avoid Nazi captivity.","Director:
Gérard Oury
                 | 
    Stars:
Bourvil, 
Louis de Funès, 
Claudio Brook, 
Andréa Parisy","",""
"39","Orpheus",39,"-1950","A","112 min","Drama, Fantasy, Romance",7.9,NA,"A poet in love with Death follows his unhappy wife into the underworld.","Director:
Jean Cocteau
                 | 
    Stars:
Jean Marais, 
François Périer, 
María Casares, 
Marie Déa","",""
"40","Madame de...",40,"-1953","A","105 min","Drama, Romance",7.9,NA,"When an aristocratic woman known only as ""Madame de . . ."" sells a pair of earrings given to her by her husband in order to pay some debts, she sets off a chain reaction of financial and carnal consequences that can end only in despair.","Director:
Max Ophüls
                 | 
    Stars:
Charles Boyer, 
Danielle Darrieux, 
Vittorio De Sica, 
Jean Debucourt","",""
"41","Le Feu Follet",41,"-1963","X","108 min","Drama",7.9,NA,"Depressed Alain Leroy leaves the clinic where he was detoxified. He meets friends, acquaintances and women, trying to find a reason to continue living. Will this help him?","Director:
Louis Malle
                 | 
    Stars:
Maurice Ronet, 
Léna Skerla, 
Yvonne Clech, 
Hubert Deschamps","",""
"42","Second Wind",42,"-1966","","150 min","Crime, Drama",7.9,NA,"A gangster escapes jail and quickly makes plans to continue his criminal ways elsewhere, but a determined inspector is closing in.","Director:
Jean-Pierre Melville
                 | 
    Stars:
Lino Ventura, 
Paul Meurisse, 
Raymond Pellegrin, 
Christine Fabréga","",""
"43","The Mother and the Whore",43,"-1973","X","215 min","Drama, Romance",7.8,89,"The chauvinist Alexandre balances relationships with several women, including the maternal Marie and the sexually liberated Veronika, in the post-1968 intellectual scene of Paris.","Director:
Jean Eustache
                 | 
    Stars:
Bernadette Lafont, 
Jean-Pierre Léaud, 
Françoise Lebrun, 
Isabelle Weingarten","",""
"44","The Artist",44,"(I) (2011)","PG","100 min","Comedy, Drama, Romance",7.9,89,"An egomaniacal film star develops a relationship with a young dancer against the backdrop of Hollywood's silent era.","Director:
Michel Hazanavicius
                 | 
    Stars:
Jean Dujardin, 
Bérénice Bejo, 
John Goodman, 
James Cromwell","",""
"45","A Prophet",45,"-2009","18","155 min","Crime, Drama",7.8,90,"A young Algerian man is sent to a French prison.","Director:
Jacques Audiard
                 | 
    Stars:
Tahar Rahim, 
Niels Arestrup, 
Adel Bencherif, 
Reda Kateb","",""
"46","Amour",46,"-2012","12A","127 min","Drama",7.9,95,"Georges and Anne are an octogenarian couple. They are cultivated, retired music teachers. Their daughter, also a musician, lives in Britain with her family. One day, Anne has a stroke, and the couple's bond of love is severely tested.","Director:
Michael Haneke
                 | 
    Stars:
Jean-Louis Trintignant, 
Emmanuelle Riva, 
Isabelle Huppert, 
Alexandre Tharaud","",""
"47","Three Colors: Blue",47,"-1993","15","94 min","Drama, Music, Mystery",7.9,87,"A woman struggles to find a way to live her life after the death of her husband and child.","Director:
Krzysztof Kieslowski
                 | 
    Stars:
Juliette Binoche, 
Zbigniew Zamachowski, 
Julie Delpy, 
Benoît Régent","",""
"48","Breathless",48,"-1960","X","90 min","Crime, Drama",7.7,NA,"A small-time thief steals a car and impulsively murders a motorcycle policeman. Wanted by the authorities, he reunites with a hip American journalism student and attempts to persuade her to run away with him to Italy.","Director:
Jean-Luc Godard
                 | 
    Stars:
Jean-Paul Belmondo, 
Jean Seberg, 
Van Doude, 
Jean-Luc Godard","",""
"49","The Chorus",49,"-2004","12A","97 min","Comedy, Drama, Music",7.8,56,"The new teacher at a severely administered boys' boarding school works to positively affect the students' lives through music.","Director:
Christophe Barratier
                 | 
    Stars:
Gérard Jugnot, 
François Berléand, 
Jean-Baptiste Maunier, 
Kad Merad","",""
"50","The Discreet Charm of the Bourgeoisie",50,"-1972","AA","102 min","Comedy",7.8,93,"A surreal, virtually plotless series of dreams centered around six middle-class people and their consistently interrupted attempts to have a meal together.","Director:
Luis Buñuel
                 | 
    Stars:
Fernando Rey, 
Delphine Seyrig, 
Paul Frankeur, 
Bulle Ogier","",""
"51","C.R.A.Z.Y.",51,"-2005","15","129 min","Comedy, Drama",7.9,81,"A young French Canadian, one of five boys in a conservative family in the 1960s and 1970s, struggles to reconcile his emerging identity with his father's values.","Director:
Jean-Marc Vallée
                 | 
    Stars:
Michel Côté, 
Marc-André Grondin, 
Danielle Proulx, 
Émile Vallée","",""
"52","Hiroshima Mon Amour",52,"-1959","X","90 min","Drama, Romance",7.9,NA,"A French actress filming an anti-war film in Hiroshima has an affair with a married Japanese architect as they share their differing perspectives on war.","Director:
Alain Resnais
                 | 
    Stars:
Emmanuelle Riva, 
Eiji Okada, 
Stella Dassas, 
Pierre Barbaud","",""
"53","La Belle et la Bête",53,"-1946","A","96 min","Drama, Fantasy, Romance",7.9,92,"A beautiful young woman takes her father's place as the prisoner of a mysterious beast, who wishes to marry her.","Directors:
Jean Cocteau, 
René Clément
                 | 
    Stars:
Jean Marais, 
Josette Day, 
Mila Parély, 
Nane Germon","",""
"54","That Obscure Object of Desire",54,"-1977","X","103 min","Comedy, Drama, Romance",7.8,84,"Recounted in flashback are the romantic perils of Mathieu, a middle-aged French sophisticate as he falls for his nineteen-year-old former chambermaid Conchita.","Director:
Luis Buñuel
                 | 
    Stars:
Fernando Rey, 
Carole Bouquet, 
Ángela Molina, 
Julien Bertheau","",""
"55","Playtime",55,"-1967","U","155 min","Comedy",7.8,99,"Monsieur Hulot curiously wanders around a high-tech Paris, paralleling a trip with a group of American tourists. Meanwhile, a nightclub/restaurant prepares its opening night, but it's still under construction.","Director:
Jacques Tati
                 | 
    Stars:
Jacques Tati, 
Barbara Dennek, 
Rita Maiden, 
France Rumilly","",""
"56","Ernest & Celestine",56,"-2012","U","80 min","Animation, Adventure, Comedy",7.8,86,"The story of an unlikely friendship between a bear, Ernest, and a young mouse named Celestine.","Directors:
Stéphane Aubier, 
Vincent Patar, 
Benjamin Renner
                 | 
    Stars:
Lambert Wilson, 
Pauline Brunner, 
Anne-Marie Loop, 
Patrice Melennec","",""
"57","Au hasard Balthazar",57,"-1966","PG","95 min","Drama",7.8,98,"The story of a mistreated donkey and the people around him. A study on saintliness and a sister piece to Bresson's Mouchette.","Director:
Robert Bresson
                 | 
    Stars:
Anne Wiazemsky, 
Walter Green, 
François Lafarge, 
Jean-Claude Guilbert","",""
"58","Cléo from 5 to 7",58,"-1962","PG","90 min","Comedy, Drama, Music",7.9,87,"Cleo, a singer and hypochondriac, becomes increasingly worried that she might have cancer while awaiting test results from her doctor.","Director:
Agnès Varda
                 | 
    Stars:
Corinne Marchand, 
Antoine Bourseiller, 
Dominique Davray, 
Dorothée Blanck","",""
"59","The Phantom of Liberty",59,"-1974","X","104 min","Comedy",7.8,NA,"A series of surreal sequences that critique morality and society in a stream of consciousness style.","Director:
Luis Buñuel
                 | 
    Stars:
Jean-Claude Brialy, 
Adolfo Celi, 
Michel Piccoli, 
Monica Vitti","",""
"60","Winged Migration",60,"-2001","U","98 min","Documentary",7.9,82,"Documentary on the migratory patterns of birds, shot over the course of three years on all seven continents.","Directors:
Jacques Perrin, 
Jacques Cluzaud, 
Michel Debats
                 | 
    Stars:
Jacques Perrin, 
Philippe Labro","",""
"61","Diary of a Country Priest",61,"-1951","PG","115 min","Drama",7.8,NA,"A young priest taking over the parish at Ambricourt tries to fulfill his duties even as he fights a mysterious stomach ailment.","Director:
Robert Bresson
                 | 
    Stars:
Claude Laydu, 
Nicole Ladmiral, 
Jean Riveyre, 
Adrien Borel","",""
"62","My Night at Maud's",62,"-1969","A","110 min","Comedy, Drama, Romance",7.8,NA,"A devout Catholic man's rigid principles are challenged during a one-night stay with Maud, a divorced woman with an outsize personality.","Director:
Éric Rohmer
                 | 
    Stars:
Jean-Louis Trintignant, 
Françoise Fabian, 
Marie-Christine Barrault, 
Antoine Vitez","",""
"63","Faces, Places",63,"-2017","12A","94 min","Documentary",7.8,94,"Director Agnes Varda and photographer/muralist J.R. journey through rural France and form an unlikely friendship.","Directors:
JR, 
Agnès Varda
                 | 
    Stars:
Agnès Varda, 
JR, 
Jeannine Carpentier, 
Clemens Van Dungern","",""
"64","Le Corbeau",64,"-1943","PG","92 min","Crime, Drama, Mystery",7.8,NA,"A French village doctor becomes the target of poison-pen letters sent to village leaders, accusing him of affairs and practicing abortion.","Director:
Henri-Georges Clouzot
                 | 
    Stars:
Pierre Fresnay, 
Ginette Leclerc, 
Micheline Francey, 
Héléna Manson","",""
"65","Les Tontons Flingueurs",65,"-1963","15","105 min","Action, Comedy, Crime",7.7,NA,"A dying mob boss hands over his business to an old friend, Fernand. The boss' assistants want to get rid of the latter. But are the Volfoni brothers and Théo real threats? Ensuing fights and shootouts are more comical than deadly.","Director:
Georges Lautner
                 | 
    Stars:
Lino Ventura, 
Bernard Blier, 
Francis Blanche, 
Claude Rich","",""
"66","The King and the Mockingbird",66,"-1980","U","83 min","Animation, Family, Fantasy",7.7,87,"A chimney sweep and a shepherdess seek to escape from the clutches of a tyrannical king.","Director:
Paul Grimault
                 | 
    Stars:
Jean Martin, 
Pascal Mazzotti, 
Raymond Bussières, 
Agnès Viala","",""
"67","The Triplets of Belleville",67,"-2003","12","80 min","Animation, Adventure, Comedy",7.7,91,"When her grandson is kidnapped during the Tour de France, Madame Souza and her beloved pooch Bruno team up with the Belleville Sisters--an aged song-and-dance team from the days of Fred Astaire--to rescue him.","Director:
Sylvain Chomet
                 | 
    Stars:
Michèle Caucheteux, 
Jean-Claude Donda, 
Michel Robin, 
Monica Viegas","",""
"68","The Past",68,"-2013","12A","130 min","Drama, Mystery",7.7,85,"An Iranian man deserts his French wife and her two children to return to his homeland. Meanwhile, his wife starts up a new relationship, a reality her husband confronts upon his wife's request for a divorce.","Director:
Asghar Farhadi
                 | 
    Stars:
Bérénice Bejo, 
Tahar Rahim, 
Ali Mosaffa, 
Pauline Burlet","",""
"69","The Double Life of Véronique",69,"-1991","15","98 min","Drama, Fantasy, Music",7.7,86,"Two parallel stories about two identical women; one living in Poland, the other in France. They don't know each other, but their lives are nevertheless profoundly connected.","Director:
Krzysztof Kieslowski
                 | 
    Stars:
Irène Jacob, 
Wladyslaw Kowalski, 
Halina Gryglaszewska, 
Kalina Jedrusik","",""
"70","Jules and Jim",70,"-1962","X","105 min","Drama, Romance",7.7,97,"Decades of a love triangle concerning two friends and an impulsive woman.","Director:
François Truffaut
                 | 
    Stars:
Jeanne Moreau, 
Oskar Werner, 
Henri Serre, 
Vanna Urbino","",""
"71","Fantastic Planet",71,"-1973","A","72 min","Animation, Sci-Fi",7.7,73,"On a faraway planet where blue giants rule, oppressed humanoids rebel against their machine-like leaders.","Director:
René Laloux
                 | 
    Stars:
Barry Bostwick, 
Jennifer Drake, 
Eric Baugin, 
Jean Topart","",""
"72","The Umbrellas of Cherbourg",72,"-1964","A","91 min","Drama, Musical, Romance",7.8,86,"A young woman separated from her lover by war faces a life-altering decision.","Director:
Jacques Demy
                 | 
    Stars:
Catherine Deneuve, 
Nino Castelnuovo, 
Anne Vernon, 
Marc Michel","",""
"73","My Life as a Courgette",73,"-2016","PG","66 min","Animation, Comedy, Drama",7.8,85,"After losing his mother, a young boy is sent to an orphanage with other orphans his age where he begins to learn the meaning of trust and true love.","Director:
Claude Barras
                 | 
    Stars:
Gaspard Schlatter, 
Sixtine Murat, 
Paulin Jaccoud, 
Michel Vuillermoz","",""
"74","Last Year at Marienbad",74,"-1961","U","94 min","Drama, Mystery",7.7,NA,"In a strange and isolated chateau, a man becomes acquainted with a woman and insists that they have met before.","Director:
Alain Resnais
                 | 
    Stars:
Delphine Seyrig, 
Giorgio Albertazzi, 
Sacha Pitoëff, 
Françoise Bertin","",""
"75","Mon Oncle",75,"-1958","U","116 min","Comedy",7.7,NA,"Monsieur Hulot visits the technology-driven world of his sister, brother-in-law, and nephew, but he can't quite fit into the surroundings.","Director:
Jacques Tati
                 | 
    Stars:
Jacques Tati, 
Jean-Pierre Zola, 
Adrienne Servantie, 
Lucien Frégis","",""
"76","L'Atalante",76,"-1934","A","89 min","Comedy, Drama, Romance",7.8,NA,"Newly married couple Juliette and a ship captain Jean struggle through marriage as they travel on the L'atalante along with the captain's first mate Le père Jules and a cabin boy.","Director:
Jean Vigo
                 | 
    Stars:
Dita Parlo, 
Jean Dasté, 
Gilles Margaritis, 
Louis Lefebvre","",""
"77","Plein Soleil",77,"-1960","A","118 min","Crime, Drama, Thriller",7.7,NA,"Tom Ripley is a talented mimic, moocher, forger and all-around criminal improviser; but there's more to Tom Ripley than even he can guess.","Director:
René Clément
                 | 
    Stars:
Alain Delon, 
Maurice Ronet, 
Marie Laforêt, 
Erno Crisa","",""
"78","Mouchette",78,"-1967","15","81 min","Drama",7.7,NA,"A young girl living in the French countryside suffers constant indignities at the hand of alcoholism and her fellow man.","Director:
Robert Bresson
                 | 
    Stars:
Nadine Nortier, 
Jean-Claude Guilbert, 
Marie Cardinal, 
Paul Hébert","",""
"79","The Snitch",79,"-1962","12A","108 min","Crime, Thriller",7.7,NA,"A burglar betraying other criminals, prepares for a big heist with a trusted friend that might be as untrustworthy as he.","Director:
Jean-Pierre Melville
                 | 
    Stars:
Jean-Paul Belmondo, 
Serge Reggiani, 
Jean Desailly, 
René Lefèvre","",""
"80","The Port of Shadows",80,"-1938","A","91 min","Crime, Drama, Romance",7.7,NA,"A military deserter finds love and trouble (and a small dog) in a foggy, French port city.","Director:
Marcel Carné
                 | 
    Stars:
Jean Gabin, 
Michel Simon, 
Michèle Morgan, 
Pierre Brasseur","",""
"81","Être et Avoir",81,"-2002","U","104 min","Documentary, Family",7.8,87,"A documentary portrait of a one-room school in rural France, where the students (ranging in age from 4 to 11) are educated by a single dedicated teacher.","Director:
Nicolas Philibert
                 | 
    Stars:
Georges Lopez, 
Alizé, 
Axel Thouvenin, 
Guillaume","",""
"82","The Promise",82,"-1996","15","90 min","Drama",7.7,82,"Roger uses his son Igor to ruthlessly traffic and exploit undocumented immigrants. When one of the immigrants is killed, Igor is guilt-ridden and wants to care for the dead man's family against his father's orders.","Directors:
Jean-Pierre Dardenne, 
Luc Dardenne
                 | 
    Stars:
Jérémie Renier, 
Olivier Gourmet, 
Assita Ouedraogo, 
Jean-Michel Balthazar","",""
"83","Jeanne Dielman, 23, quai du commerce, 1080 Bruxelles",83,"-1975","","202 min","Drama",7.6,94,"A lonely widowed housewife does her daily chores, takes care of her apartment where she lives with her teenage son, and turns the occasional trick to make ends meet. However, something happens that changes her safe routine.","Director:
Chantal Akerman
                 | 
    Stars:
Delphine Seyrig, 
Jan Decorte, 
Henri Storck, 
Jacques Doniol-Valcroze","",""
"84","Le Jour Se Leve",84,"-1939","PG","93 min","Crime, Drama, Romance",7.7,NA,"After committing a murder, a man locks himself in his apartment and recollects the events that led him to the killing.","Director:
Marcel Carné
                 | 
    Stars:
Jean Gabin, 
Jacqueline Laurent, 
Arletty, 
Jules Berry","",""
"85","Touchez Pas au Grisbi",85,"-1954","X","96 min","Crime, Drama",7.7,85,"An aging, world-weary gangster is double-crossed and forced out of retirement when his best friend is kidnapped and their stash of eight stolen gold bars demanded as ransom.","Director:
Jacques Becker
                 | 
    Stars:
Jean Gabin, 
René Dary, 
Dora Doll, 
Vittorio Sanipoli","",""
"86","Quai des Orfèvres",86,"-1947","PG","106 min","Crime, Drama",7.7,89,"A flirtatious wife runs off to meet an older man and the husband closes in with intend to murder him, but finds the deed already done.","Director:
Henri-Georges Clouzot
                 | 
    Stars:
Louis Jouvet, 
Simone Renant, 
Bernard Blier, 
Suzy Delair","",""
"87","State of Siege",87,"-1972","X","130 min","Crime, Drama, Mystery",7.7,NA,"Using the interrogation of a US counterinsurgency agent as a backdrop, the film explores the consequences of the struggle between Uruguay's government and the leftist Tupamaro guerrillas.","Director:
Costa-Gavras
                 | 
    Stars:
Yves Montand, 
Renato Salvatori, 
O.E. Hasse, 
Jacques Weber","",""
"88","Blue Is the Warmest Colour",88,"-2013","18","180 min","Drama, Romance",7.7,90,"Adèle's life is changed when she meets Emma, a young woman with blue hair, who will allow her to discover desire and to assert herself as a woman and as an adult. In front of others, Adèle grows, seeks herself, loses herself, and ultimately finds herself through love and loss.","Director:
Abdellatif Kechiche
                 | 
    Stars:
Léa Seydoux, 
Adèle Exarchopoulos, 
Salim Kechiouche, 
Aurélien Recoing","",""
"89","An Andalusian Dog",89,"-1929","X","16 min","Short, Fantasy, Horror",7.6,NA,"Luis Buñuel and Salvador Dalí present 16 minutes of bizarre, surreal imagery.","Director:
Luis Buñuel
                 | 
    Stars:
Pierre Batcheff, 
Simone Mareuil, 
Luis Buñuel, 
Pancho Cossío","",""
"90","Belle de Jour",90,"-1967","X","100 min","Drama, Romance",7.7,NA,"A frigid young housewife decides to spend her midweek afternoons as a prostitute.","Director:
Luis Buñuel
                 | 
    Stars:
Catherine Deneuve, 
Jean Sorel, 
Michel Piccoli, 
Geneviève Page","",""
"91","The Tenant",91,"-1976","X","126 min","Drama, Thriller",7.6,71,"A bureaucrat rents a Paris apartment where he finds himself drawn into a rabbit hole of dangerous paranoia.","Director:
Roman Polanski
                 | 
    Stars:
Roman Polanski, 
Isabelle Adjani, 
Melvyn Douglas, 
Jo Van Fleet","",""
"92","Le Dîner de Cons",92,"-1998","15","80 min","Comedy",7.6,73,"A few friends have a weekly fools' dinner, where each brings a fool along. Pierre finds a champion fool for next dinner. Surprise.","Director:
Francis Veber
                 | 
    Stars:
Thierry Lhermitte, 
Jacques Villeret, 
Francis Huster, 
Daniel Prévost","",""
"93","Joyeux Noel",93,"-2005","12A","116 min","Drama, History, Music",7.7,70,"In December 1914, an unofficial Christmas truce on the Western Front allows soldiers from opposing sides of the First World War to gain insight into each other's way of life.","Director:
Christian Carion
                 | 
    Stars:
Diane Kruger, 
Benno Fürmann, 
Guillaume Canet, 
Natalie Dessay","",""
"94","Eyes Without a Face",94,"-1960","15","90 min","Drama, Horror",7.6,90,"A surgeon causes an accident which leaves his daughter disfigured and goes to extreme lengths to give her a new face.","Director:
Georges Franju
                 | 
    Stars:
Pierre Brasseur, 
Alida Valli, 
Juliette Mayniel, 
Alexandre Rignault","",""
"95","Bande à Part",95,"-1964","A","95 min","Comedy, Crime, Drama",7.6,93,"Two crooks with a fondness for old Hollywood B-movies convince a languages student to help them commit a robbery.","Director:
Jean-Luc Godard
                 | 
    Stars:
Anna Karina, 
Claude Brasseur, 
Danièle Girard, 
Louisa Colpeyn","",""
"96","Pickpocket",96,"-1959","PG","76 min","Crime, Drama",7.6,NA,"Michel passes the time by picking pockets, careful to never be caught despite being watched by the police. His friend Jacques may suspect, while both men may have their eyes on Jeanne, the pretty neighbor of Michel's ailing mother.","Director:
Robert Bresson
                 | 
    Stars:
Martin LaSalle, 
Marika Green, 
Jean Pélégri, 
Dolly Scal","",""
"97","Laurence Anyways",97,"-2012","15","168 min","Drama, Romance",7.6,73,"A drama that charts ten years in a transgender woman's relationship with her lover.","Director:
Xavier Dolan
                 | 
    Stars:
Melvil Poupaud, 
Emmanuel Schwartz, 
Suzanne Clément, 
Nathalie Baye","",""
"98","The Twelve Tasks of Asterix",98,"-1976","U","82 min","Animation, Adventure, Comedy",7.6,NA,"Asterix and Obelix are tasked by Julius Caesar with accomplishing twelve impossible labors to determine the fate of their indomitable Gaulish village.","Directors:
René Goscinny, 
Henri Gruel, 
Albert Uderzo, 
Pierre Watrin
                 | 
    Stars:
Roger Carel, 
Jacques Morel, 
Pierre Tornade, 
Henri Labussière","",""
"99","Stolen Kisses",99,"-1968","X","91 min","Comedy, Drama, Romance",7.6,NA,"After being discharged from the army, Antoine Doinel centers a screwball comedy where he applies for different jobs and tries to make sense of his relationships with women.","Director:
François Truffaut
                 | 
    Stars:
Jean-Pierre Léaud, 
Claude Jade, 
Delphine Seyrig, 
Michael Lonsdale","",""
"100","Bob the Gambler",100,"-1956","PG","98 min","Crime, Drama, Thriller",7.6,80,"After losing big, an aging gambler decides to assemble a team to rob a casino.","Director:
Jean-Pierre Melville
                 | 
    Stars:
Roger Duchesne, 
Isabelle Corey, 
Daniel Cauchy, 
Guy Decomble","",""
"101","A Pure Formality",101,"-1994","PG-13","108 min","Crime, Drama, Thriller",7.6,NA,"Onoff is a famous writer who hasn't published any new books for quite some time and has become a recluse. When he is picked up by the police one stormy night, without any identification, ...                See full summary »","Director:
Giuseppe Tornatore
                 | 
    Stars:
Gérard Depardieu, 
Roman Polanski, 
Sergio Rubini, 
Nicola Di Pinto","",""
"102","Dearest Love",102,"-1971","X","118 min","Comedy, Drama",7.6,NA,"As France is nearing the end of the first Indochina War, an open-minded teenage boy finds himself torn between a rebellious urge to discover love, and the ever-present, almost dominating affection of his beloved mother.","Director:
Louis Malle
                 | 
    Stars:
Lea Massari, 
Benoît Ferreux, 
Daniel Gélin, 
Michael Lonsdale","",""
"103","Train of Life",103,"-1998","12","103 min","Comedy, Drama, War",7.6,62,"In 1941, the inhabitants of a small Jewish village in Central Europe organize a fake deportation train so that they can escape the Nazis and flee to Palestine.","Director:
Radu Mihaileanu
                 | 
    Stars:
Lionel Abelanski, 
Rufus, 
Clément Harari, 
Michel Muller","",""
"104","Claire's Knee",104,"-1970","A","105 min","Drama, Romance",7.5,NA,"On lakeside summer holiday, a conflicted older man is dared to have a flirt with two beautiful teenage half-sisters despite his betrothal to a diplomat's daughter and the fact that the girls have boyfriends.","Director:
Éric Rohmer
                 | 
    Stars:
Jean-Claude Brialy, 
Aurora Cornu, 
Béatrice Romand, 
Laurence de Monaghan","",""
"105","Vagabond",105,"-1985","15","105 min","Drama",7.7,NA,"A young woman's body is found frozen in a ditch. Through flashbacks and interviews, we see the events that led to her inevitable death.","Director:
Agnès Varda
                 | 
    Stars:
Sandrine Bonnaire, 
Macha Méril, 
Stéphane Freiss, 
Setti Ramdane","",""
"106","The Young Girls of Rochefort",106,"-1967","U","120 min","Comedy, Drama, Musical",7.7,NA,"Two sisters leave their small seaside town of Rochefort in search of romance. Hired as carnival singers, one falls for an American musician, while the other must search for her ideal partner.","Director:
Jacques Demy
                 | 
    Stars:
Catherine Deneuve, 
George Chakiris, 
Françoise Dorléac, 
Jacques Perrin","",""
"107","La Belle Noiseuse",107,"-1991","15","238 min","Drama",7.5,NA,"The former famous painter Frenhofer revisits an abandoned project using the girlfriend of a young visiting artist. Questions about truth, life, and artistic limits are explored.","Director:
Jacques Rivette
                 | 
    Stars:
Michel Piccoli, 
Jane Birkin, 
Emmanuelle Béart, 
Marianne Denicourt","",""
"108","Lacombe, Lucien",108,"-1974","12","138 min","Drama, War",7.6,NA,"In 1944, an 18-year old boy from small-town France, collaborates with the Nazi-regime and subsequently falls in love with a Jewish girl.","Director:
Louis Malle
                 | 
    Stars:
Pierre Blaise, 
Aurore Clément, 
Holger Löwenadler, 
Therese Giehse","",""
"109","The Green Ray",109,"-1986","PG","99 min","Drama, Romance",7.6,NA,"It's July, and Delphine has nowhere to go for the summer. She feels very bored and ""empty"", but this won't last; one day she accidently meets someone who seems to be totally made for her...","Director:
Éric Rohmer
                 | 
    Stars:
Marie Rivière, 
María Luisa García, 
Vincent Gauthier, 
Amira Chemakhi","",""
"110","Love in the Afternoon",110,"-1972","AA","97 min","Comedy, Drama, Romance",7.6,NA,"Though he has an adoring wife, a bourgeois man is still tempted to pursue other women.","Director:
Éric Rohmer
                 | 
    Stars:
Bernard Verley, 
Zouzou, 
Françoise Verley, 
Daniel Ceccaldi","",""
"111","Pépé le Moko",111,"-1937","A","94 min","Crime, Drama, Romance",7.7,98,"A wanted gangster is both king and prisoner of the Casbah. He is protected from arrest by his friends, but is torn by his desire for freedom outside. A visiting Parisian beauty may just tempt his fate.","Director:
Julien Duvivier
                 | 
    Stars:
Jean Gabin, 
Gabriel Gabrio, 
Saturnin Fabre, 
Fernand Charpin","",""
"112","The Gleaners and I",112,"-2000","U","82 min","Documentary",7.7,86,"Varda films and interviews gleaners in France in all forms, from those picking fields after the harvest to those scouring the dumpsters of Paris.","Director:
Agnès Varda
                 | 
    Stars:
François Wertheimer, 
Agnès Varda, 
Jean La Planche, 
Bodan Litnanski","",""
"113","Pocket Money",113,"-1976","PG","104 min","Comedy, Drama",7.6,NA,"The lives of a motherless boy, who is just starting to get interested in women, and his physically abused friend, who lives in poverty, are mixed with more or less innocent childhood experiences and challenges of a number of children.","Director:
François Truffaut
                 | 
    Stars:
Georges Desmouceaux, 
Philippe Goldmann, 
Nicole Félix, 
Chantal Mercier","",""
"114","Casque d'Or",114,"-1952","PG","99 min","Crime, Drama, Romance",7.6,NA,"Three gangsters and an ex-con carpenter all fall for the same beautiful golden-haired woman in Belle Époque France.","Director:
Jacques Becker
                 | 
    Stars:
Simone Signoret, 
Serge Reggiani, 
Claude Dauphin, 
Raymond Bussières","",""
"115","La Vie de Bohème",115,"-1992","U","103 min","Comedy, Drama, Romance",7.6,NA,"Three struggling artists try to make passable livings in Paris despite setbacks and tragedies.","Director:
Aki Kaurismäki
                 | 
    Stars:
Matti Pellonpää, 
Evelyne Didi, 
André Wilms, 
Kari Väänänen","",""
"116","My American Uncle",116,"-1980","A","125 min","Comedy, Drama, Romance",7.6,NA,"The intersecting stories of three people who face difficult choices in life-changing situations are used to illustrate the theories espoused by Henri Laborit about human behavior and the relationship between the self and society.","Director:
Alain Resnais
                 | 
    Stars:
Gérard Depardieu, 
Nicole Garcia, 
Roger Pierre, 
Nelly Borgeaud","",""
"117","Le Plaisir",117,"-1952","X","97 min","Comedy, Drama, Romance",7.6,NA,"Three separate stories about the same thing: le plaisir (pleasure).","Director:
Max Ophüls
                 | 
    Stars:
Jean Gabin, 
Danielle Darrieux, 
Simone Simon, 
Claude Dauphin","",""
"118","The Inquisitor",118,"-1981","","87 min","Crime, Drama, Thriller",7.6,NA,"A police inspector, suspecting an attorney of two child sex murders, has him held for a questioning session that goes on for hours.","Director:
Claude Miller
                 | 
    Stars:
Lino Ventura, 
Michel Serrault, 
Romy Schneider, 
Guy Marchand","",""
"119","Que la Bête Meure",119,"-1969","AA","110 min","Crime, Drama, Thriller",7.6,NA,"A man asserts himself within the life of an actress he believes is somehow responsible for his son's death.","Director:
Claude Chabrol
                 | 
    Stars:
Michel Duchaussoy, 
Caroline Cellier, 
Jean Yanne, 
Anouk Ferjac","",""
"120","La Vie En Rose",120,"-2007","12A","140 min","Biography, Drama, Music",7.6,66,"Biopic of the iconic French singer Édith Piaf. Raised by her grandmother in a brothel, she was discovered while singing on a street corner at the age of 19. Despite her success, Piaf's life was filled with tragedy.","Director:
Olivier Dahan
                 | 
    Stars:
Marion Cotillard, 
Sylvie Testud, 
Pascal Greggory, 
Emmanuelle Seigner","",""
"121","Delicatessen",121,"-1991","15","99 min","Comedy, Crime",7.5,66,"Post-apocalyptic surrealist black comedy about the landlord of an apartment building who occasionally prepares a delicacy for his odd tenants.","Directors:
Marc Caro, 
Jean-Pierre Jeunet
                 | 
    Stars:
Marie-Laure Dougnac, 
Dominique Pinon, 
Pascal Benezech, 
Jean-Claude Dreyfus","",""
"122","A Very Long Engagement",122,"-2004","15","133 min","Drama, Mystery, Romance",7.6,76,"Tells the story of a young woman's relentless search for her fiancé, who has disappeared from the trenches of the Somme during World War One.","Director:
Jean-Pierre Jeunet
                 | 
    Stars:
Audrey Tautou, 
Gaspard Ulliel, 
Jodie Foster, 
Dominique Pinon","",""
"123","Love Me If You Dare",123,"-2003","15","93 min","Comedy, Drama, Romance",7.5,45,"As adults, best friends Julien and Sophie continue the odd game they started as children -- a fearless competition to outdo one another with daring and outrageous stunts. While they often act out to relieve one another's pain, their game might be a way to avoid the fact that they are truly meant for one another.","Director:
Yann Samuell
                 | 
    Stars:
Guillaume Canet, 
Marion Cotillard, 
Thibault Verhaeghe, 
Joséphine Lebas-Joly","",""
"124","The Big Blue",124,"-1988","15","168 min","Adventure, Drama, Sport",7.5,35,"The rivalry between Enzo and Jacques, two childhood friends and now world-renowned free divers, becomes a beautiful and perilous journey into oneself and the unknown.","Director:
Luc Besson
                 | 
    Stars:
Jean-Marc Barr, 
Jean Reno, 
Rosanna Arquette, 
Paul Shenar","",""
"125","The Red Violin",125,"-1998","15","130 min","Drama, Music, Mystery",7.6,57,"A red-colored violin inspires passion, making its way through three centuries over several owners and countries, eventually ending up at an auction where it may find a new owner.","Director:
François Girard
                 | 
    Stars:
Carlo Cecchi, 
Jean-Luc Bideau, 
Christoph Koncz, 
Jason Flemyng","",""
"126","Pierrot le Fou",126,"-1965","A","110 min","Crime, Drama, Romance",7.4,NA,"Pierrot escapes his boring society and travels from Paris to the Mediterranean Sea with Marianne, a girl chased by hit-men from Algeria. They lead an unorthodox life, always on the run.","Director:
Jean-Luc Godard
                 | 
    Stars:
Jean-Paul Belmondo, 
Anna Karina, 
Graziella Galvani, 
Aicha Abadir","",""
"127","Contempt",127,"-1963","AA","103 min","Drama, Romance",7.5,NA,"Screenwriter Paul Javal's marriage to his wife Camille disintegrates during movie production as she spends time with the producer. Layered conflicts between art and business ensue.","Director:
Jean-Luc Godard
                 | 
    Stars:
Brigitte Bardot, 
Jack Palance, 
Michel Piccoli, 
Giorgia Moll","",""
"128","The Barbarian Invasions",128,"-2003","18","99 min","Comedy, Crime, Drama",7.5,70,"During his final days, a dying man is reunited with old friends, former lovers, his ex-wife, and his estranged son.","Director:
Denys Arcand
                 | 
    Stars:
Rémy Girard, 
Dorothée Berryman, 
Stéphane Rousseau, 
Marie-Josée Croze","",""
"129","I Lost My Body",129,"-2019","12A","81 min","Animation, Drama, Fantasy",7.5,81,"A story of Naoufel, a young man who is in love with Gabrielle. In another part of town, a severed hand escapes from a dissection lab, determined to find its body again.","Director:
Jérémy Clapin
                 | 
    Stars:
Hakim Faris, 
Victoire Du Bois, 
Patrick d'Assumçao, 
Alfonso Arfi","",""
"130","I've Loved You So Long",130,"-2008","12A","117 min","Drama",7.6,79,"A woman struggles to interact with her family and find her place in society after spending fifteen years in prison.","Director:
Philippe Claudel
                 | 
    Stars:
Kristin Scott Thomas, 
Elsa Zylberstein, 
Serge Hazanavicius, 
Laurent Grévill","",""
"131","The Concert",131,"-2009","15","119 min","Comedy, Drama, Music",7.5,60,"Thirty years ago Bolshoi Orchestra conductor Andreï Filipov was fired for hiring Jewish musicians. Now a lowly janitor, an opportunity arises to gather his old musicians to go and pose as the official Buolshoi orchestra in Paris.","Director:
Radu Mihaileanu
                 | 
    Stars:
Aleksey Guskov, 
Mélanie Laurent, 
Dmitriy Nazarov, 
François Berléand","",""
"132","Les Misérables",132,"-2019","15","104 min","Crime, Drama, Thriller",7.6,78,"A cop from the provinces moves to Paris to join the Anti-Crime Brigade of Montfermeil, discovering an underworld where the tensions between the different groups mark the rhythm.","Director:
Ladj Ly
                 | 
    Stars:
Damien Bonnard, 
Alexis Manenti, 
Djebril Zonga, 
Issa Perica","",""
"133","The Girl on the Bridge",133,"-1999","15","90 min","Comedy, Drama, Romance",7.5,75,"One night, a fading entertainer intervenes when a woman contemplates suicide, beginning a strange, unpredictable relationship.","Director:
Patrice Leconte
                 | 
    Stars:
Vanessa Paradis, 
Daniel Auteuil, 
Frédéric Pfluger, 
Dimitris Georgalas","",""
"134","Le Professionnel",134,"-1981","15","108 min","Action, Crime, Drama",7.4,NA,"Victim of a plot which has resulted in his imprisonment in a Central African jail for two years, a French secret agent arrives in Paris to settle accounts.","Director:
Georges Lautner
                 | 
    Stars:
Jean-Paul Belmondo, 
Jean Desailly, 
Cyrielle Clair, 
Marie-Christine Descouard","",""
"135","Masculin Féminin",135,"-1966","X","110 min","Drama, Romance",7.4,93,"A romance between young Parisians, shown through a series of vignettes.","Director:
Jean-Luc Godard
                 | 
    Stars:
Jean-Pierre Léaud, 
Chantal Goya, 
Marlène Jobert, 
Michel Debord","",""
"136","Les Amants du Pont-Neuf",136,"-1991","18","125 min","Drama, Romance",7.6,NA,"Alex, who's homeless and addicted to alcohol, and Michèle, who's losing her sight, form a relationship while sleeping rough on Paris's Pont-Neuf bridge.","Director:
Leos Carax
                 | 
    Stars:
Juliette Binoche, 
Denis Lavant, 
Klaus-Michael Grüber, 
Marion Stalens","",""
"137","A Man and a Woman",137,"-1966","X","102 min","Drama, Romance",7.5,NA,"A widow and a widower find their relationship developing into love, but their past tragedies prove hard to overcome, causing them to proceed with utmost delicacy.","Director:
Claude Lelouch
                 | 
    Stars:
Anouk Aimée, 
Jean-Louis Trintignant, 
Pierre Barouh, 
Valérie Lagrange","",""
"138","The First Day of the Rest of Your Life",138,"-2008","","114 min","Drama",7.6,NA,"Five key days in a family's life.","Director:
Rémi Bezançon
                 | 
    Stars:
Jacques Gamblin, 
Zabou Breitman, 
Déborah François, 
Marc-André Grondin","",""
"139","The Son",139,"-2002","12A","99 min","Drama, Mystery",7.5,86,"A joinery instructor at a rehab center refuses to take a new teen as his apprentice, but then begins to follow the boy through the hallways and streets.","Directors:
Jean-Pierre Dardenne, 
Luc Dardenne
                 | 
    Stars:
Olivier Gourmet, 
Morgan Marinne, 
Isabella Soupart, 
Nassim Hassaïni","",""
"140","A Heart in Winter",140,"-1992","12","105 min","Drama, Music, Romance",7.6,NA,"Stéphane is an emotionally distant but professionally dedicated violin restorer whose cold heart is tested when his employer's new girlfriend, a beautiful violinist, falls for him.","Director:
Claude Sautet
                 | 
    Stars:
Daniel Auteuil, 
Emmanuelle Béart, 
André Dussollier, 
Elizabeth Bourgine","",""
"141","Santa Claus Is a Stinker",141,"-1982","","88 min","Comedy",7.5,NA,"Two neurotics, working for a suicide hotline on the night of Christmas Eve, get caught up in a catastrophe when a pregnant woman, her abusive boyfriend, and a transvestite visit their office.","Director:
Jean-Marie Poiré
                 | 
    Stars:
Anémone, 
Josiane Balasko, 
Marie-Anne Chazel, 
Christian Clavier","",""
"142","Fear City: A Family-Style Comedy",142,"-1994","","100 min","Comedy, Horror",7.5,NA,"A second-class horror movie has to be shown at Cannes Film Festival, but, before each screening, the projectionist is killed by a mysterious fellow, with hammer and sickle, just as it happens in the film to be shown.","Director:
Alain Berbérian
                 | 
    Stars:
Chantal Lauby, 
Alain Chabat, 
Dominique Farrugia, 
Gérard Darmon","",""
"143","La Bête Humaine",143,"-1938","A","100 min","Crime, Drama",7.5,NA,"In this classic adaptation of Emile Zola's novel, a tortured train engineer falls in love with a troubled married woman who has helped her husband commit a murder.","Director:
Jean Renoir
                 | 
    Stars:
Jean Gabin, 
Julien Carette, 
Simone Simon, 
Fernand Ledoux","",""
"144","A Summer's Tale",144,"-1996","U","113 min","Comedy, Drama, Romance",7.6,91,"A shy maths graduate takes a holiday in Dinard before starting his first job. He hopes his sort-of girlfriend will join him, but soon strikes up a friendship with another girl working in ...                See full summary »","Director:
Éric Rohmer
                 | 
    Stars:
Melvil Poupaud, 
Amanda Langlet, 
Gwenaëlle Simon, 
Aurelia Nolin","",""
"145","My Father's Glory",145,"-1990","U","105 min","Adventure, Biography, Drama",7.6,NA,"At the end of the nineteenth century, little Marcel lives with his parents in the Provence countryside. During his holiday, Marcel meets Lili, a local boy who knows all the secrets of the hills, and the two become fast friends.","Director:
Yves Robert
                 | 
    Stars:
Philippe Caubère, 
Nathalie Roussel, 
Didier Pain, 
Thérèse Liotard","",""
"146","Mr. Klein",146,"-1976","AA","123 min","Crime, Drama, Mystery",7.5,NA,"In Nazi-occupied Paris, the immoral art dealer, Robert Klein, leads a life of luxury, until a copy of a Jewish newspaper brings him to the attention of the police, linking him with a mysterious doppelgänger. Will Mr Klein clear his name?","Director:
Joseph Losey
                 | 
    Stars:
Alain Delon, 
Jeanne Moreau, 
Francine Bergé, 
Juliet Berto","",""
"147","Monsieur Hire",147,"-1989","15","81 min","Crime, Drama, Romance",7.5,NA,"A recluse is accused of murdering a young woman simply because his neighbors think he is strange.","Director:
Patrice Leconte
                 | 
    Stars:
Michel Blanc, 
Sandrine Bonnaire, 
Luc Thuillier, 
André Wilms","",""
"148","Toto the Hero",148,"-1991","15","91 min","Comedy, Drama, Fantasy",7.5,NA,"Thomas and Alfred were born around the same time; a fire in the nursery had nurses scrambling to save the newborns. Because he felt that he deserved Alfred's good fortune at being born into...                See full summary »","Director:
Jaco Van Dormael
                 | 
    Stars:
Michel Bouquet, 
Mireille Perrier, 
Jo De Backer, 
Thomas Godet","",""
"149","Lola",149,"-1961","X","90 min","Drama, Romance",7.5,73,"A bored young man meets with his former girlfriend, now a cabaret dancer and single mother, and soon finds himself falling back in love with her.","Director:
Jacques Demy
                 | 
    Stars:
Anouk Aimée, 
Marc Michel, 
Jacques Harden, 
Alan Scott","",""
"150","Le Bonheur",150,"-1965","15","80 min","Drama, Romance",7.6,NA,"François, a young carpenter, lives a happy, uncomplicated life with his wife Thérèse and their two small children. One day he meets Emilie, a clerk in the local post office.","Director:
Agnès Varda
                 | 
    Stars:
Jean-Claude Drouot, 
Marie-France Boyer, 
Marcelle Faure-Bertin, 
Manon Lanclos","",""
"151","Coup de Torchon",151,"-1981","AA","128 min","Comedy, Crime, Drama",7.4,NA,"A pathetic police chief, humiliated by everyone around him, suddenly wants a clean slate in life - and resorts to drastic means to do so.","Director:
Bertrand Tavernier
                 | 
    Stars:
Philippe Noiret, 
Isabelle Huppert, 
Stéphane Audran, 
Jean-Pierre Marielle","",""
"152","La Ronde",152,"-1950","PG","93 min","Drama, Romance",7.5,72,"Soldiers, chambermaids, poets, prostitutes, aristocrats-all are on equal footing in this multi-character merry-go-round of love and infidelity.","Director:
Max Ophüls
                 | 
    Stars:
Anton Walbrook, 
Simone Signoret, 
Serge Reggiani, 
Simone Simon","",""
"153","My Mother's Castle",153,"-1990","U","98 min","Adventure, Biography, Comedy",7.6,NA,"Every holiday Marcel and his family go to their cottage near Marseilles. During one of these holidays he meets Isabelle, a pretty but conceited girl... Adapted from the cult classic novel from Marcel Pagnol.","Director:
Yves Robert
                 | 
    Stars:
Julien Ciamaca, 
Philippe Caubère, 
Nathalie Roussel, 
Didier Pain","",""
"154","Léon Morin, Priest",154,"-1961","","117 min","Drama, Romance, War",7.5,NA,"Set during occupied France, a faithless woman finds herself falling in love with a young priest.","Director:
Jean-Pierre Melville
                 | 
    Stars:
Jean-Paul Belmondo, 
Emmanuelle Riva, 
Irène Tunc, 
Nicole Mirel","",""
"155","The City of Lost Children",155,"-1995","15","112 min","Drama, Fantasy, Sci-Fi",7.5,73,"A scientist in a surrealist society kidnaps children to steal their dreams, hoping that they slow his aging process.","Directors:
Marc Caro, 
Jean-Pierre Jeunet
                 | 
    Stars:
Ron Perlman, 
Daniel Emilfork, 
Judith Vittet, 
Dominique Pinon","",""
"156","Rust and Bone",156,"-2012","15","120 min","Drama, Romance",7.4,73,"Put in charge of his young son, Alain leaves Belgium for Antibes to live with his sister and her husband as a family. Alain's bond with Stephanie, a killer whale trainer, grows deeper after Stephanie suffers a horrible accident.","Director:
Jacques Audiard
                 | 
    Stars:
Marion Cotillard, 
Matthias Schoenaerts, 
Armand Verdure, 
Céline Sallette","",""
"157","March of the Penguins",157,"-2005","U","80 min","Documentary, Family",7.5,79,"In the Antarctic, every March since the beginning of time, the quest begins to find the perfect mate and start a family.","Director:
Luc Jacquet
                 | 
    Stars:
Morgan Freeman, 
Romane Bohringer, 
Charles Berling, 
Jules Sitruk","",""
"158","The Piano Teacher",158,"-2001","18","131 min","Drama, Music",7.5,79,"A young man romantically pursues his masochistic piano teacher.","Director:
Michael Haneke
                 | 
    Stars:
Isabelle Huppert, 
Annie Girardot, 
Benoît Magimel, 
Susanne Lothar","",""
"159","Tell No One",159,"-2006","15","131 min","Crime, Drama, Mystery",7.5,82,"An accidental discovery near a doctor's estate stirs up some painful memories eight years after his wife's hideous murder, and now, things are bound to take a turn for the unexpected. Does the good doctor know more than he's letting on?","Director:
Guillaume Canet
                 | 
    Stars:
François Cluzet, 
Marie-Josée Croze, 
André Dussollier, 
Kristin Scott Thomas","",""
"160","Man Bites Dog",160,"-1992","18","95 min","Comedy, Crime, Drama",7.4,67,"A film crew follows a ruthless thief and heartless killer as he goes about his daily routine. But complications set in when the film crew lose their objectivity and begin lending a hand.","Directors:
Rémy Belvaux, 
André Bonzel, 
Benoît Poelvoorde
                 | 
    Stars:
Benoît Poelvoorde, 
Jacqueline Poelvoorde-Pappaert, 
Nelly Pappaert, 
Hector Pappaert","",""
"161","The Class",161,"-2008","15","128 min","Drama",7.5,92,"Teacher and novelist François Bégaudeau plays a version of himself as he negotiates a year with his racially mixed students from a tough Parisian neighborhood.","Director:
Laurent Cantet
                 | 
    Stars:
François Bégaudeau, 
Agame Malembo-Emene, 
Angélica Sancio, 
Arthur Fogel","",""
"162","Mesrine Part 1: Killer Instinct",162,"-2008","15","113 min","Action, Biography, Crime",7.5,71,"The story of the notorious French gangster Jacques Mesrine, with the focus on his life before the early 1970s and the events that led to him being declared Public Enemy No. 1 in France.","Director:
Jean-François Richet
                 | 
    Stars:
Vincent Cassel, 
Cécile de France, 
Gérard Depardieu, 
Gilles Lellouche","",""
"163","The Illusionist",163,"-2010","PG","80 min","Animation, Drama, Fantasy",7.5,82,"A French illusionist finds himself out of work and travels to Scotland, where he meets a young woman. Their ensuing adventure changes both their lives forever.","Director:
Sylvain Chomet
                 | 
    Stars:
Jean-Claude Donda, 
Eilidh Rankin, 
Duncan MacNeil, 
Raymond Mearns","",""
"164","Mesrine Part 2: Public Enemy Number 1",164,"-2008","15","133 min","Action, Biography, Crime",7.4,72,"The story of the notorious French gangster Jacques Mesrine, with the focus on his life and death as France's Public Enemy No. 1 in the 1970s.","Director:
Jean-François Richet
                 | 
    Stars:
Vincent Cassel, 
Ludivine Sagnier, 
Mathieu Amalric, 
Samuel Le Bihan","",""
"165","I Killed My Mother",165,"-2009","15","96 min","Drama, Romance",7.4,77,"A semi-autobiographical story about Hubert as a young homosexual at odds with his mother.","Director:
Xavier Dolan
                 | 
    Stars:
Anne Dorval, 
Xavier Dolan, 
François Arnaud, 
Suzanne Clément","",""
"166","Cyrano de Bergerac",166,"-1990","U","137 min","Comedy, Drama, History",7.5,79,"Famed swordsman and poet Cyrano de Bergerac is in love with his cousin Roxane. He has never expressed his love for her as he his large nose undermines his self-confidence. Then he finds a way to express his love to her, indirectly.","Director:
Jean-Paul Rappeneau
                 | 
    Stars:
Gérard Depardieu, 
Anne Brochet, 
Vincent Perez, 
Jacques Weber","",""
"167","Monsieur Lazhar",167,"-2011","12A","95 min","Comedy, Drama",7.5,82,"At a Montréal public grade school, an Algerian immigrant is hired to replace a popular teacher who committed suicide in her classroom. While helping his students deal with their grief, his own recent loss is revealed.","Director:
Philippe Falardeau
                 | 
    Stars:
Mohamed Fellag, 
Sophie Nélisse, 
Émilien Néron, 
Danielle Proulx","",""
"168","The Child",168,"-2005","12A","95 min","Crime, Drama, Romance",7.4,87,"Bruno and Sonia, a young couple living off her benefit and the thefts committed by his gang, have a new source of money: their newborn son.","Directors:
Jean-Pierre Dardenne, 
Luc Dardenne
                 | 
    Stars:
Jérémie Renier, 
Déborah François, 
Jérémie Segard, 
Fabrizio Rongione","",""
"169","Shoot the Pianist",169,"-1960","X","80 min","Crime, Drama, Thriller",7.4,NA,"A pianist helps his brother escape from two gangsters, who retaliate by abducting their kid brother.","Director:
François Truffaut
                 | 
    Stars:
Charles Aznavour, 
Marie Dubois, 
Nicole Berger, 
Michèle Mercier","",""
"170","Les Vacances de Monsieur Hulot",170,"-1953","U","114 min","Comedy",7.3,NA,"Monsieur Hulot comes to a beachside hotel for a vacation and accidentally, but good-naturedly, causes havoc.","Director:
Jacques Tati
                 | 
    Stars:
Jacques Tati, 
Nathalie Pascaud, 
Micheline Rolla, 
Valentine Camax","",""
"171","Sarah's Key",171,"-2010","12","111 min","Drama, War",7.5,59,"In modern-day Paris, a journalist finds her life becoming entwined with a young girl whose family was torn apart during the notorious Vel' d'Hiv Roundup in 1942.","Director:
Gilles Paquet-Brenner
                 | 
    Stars:
Kristin Scott Thomas, 
Mélusine Mayance, 
Niels Arestrup, 
Frédéric Pierrot","",""
"172","Une Femme est une Femme",172,"-1961","X","85 min","Comedy, Drama, Romance",7.3,71,"A French striptease artist is desperate to become a mother. When her reluctant boyfriend suggests that his best friend impregnate her, feelings become complicated when she accepts.","Director:
Jean-Luc Godard
                 | 
    Stars:
Anna Karina, 
Jean-Claude Brialy, 
Jean-Paul Belmondo, 
Henri Attal","",""
"173","Frantz",173,"-2016","12","113 min","Drama, History, Romance",7.5,73,"In the aftermath of WWI, a young German who grieves the death of her fiancé in France meets a mysterious Frenchman who visits the fiancé's grave to lay flowers.","Director:
François Ozon
                 | 
    Stars:
Pierre Niney, 
Paula Beer, 
Ernst Stötzner, 
Marie Gruber","",""
"174","Rosetta",174,"-1999","15","95 min","Drama",7.4,76,"Young and impulsive Rosetta lives with her alcoholic mother and, moved by despair, she will do anything to maintain a job.","Directors:
Jean-Pierre Dardenne, 
Luc Dardenne
                 | 
    Stars:
Émilie Dequenne, 
Fabrizio Rongione, 
Anne Yernaux, 
Olivier Gourmet","",""
"175","La Cérémonie",175,"-1995","15","111 min","Crime, Drama, Thriller",7.5,NA,"A newly hired maid for a rich countryside family befriends a post-office clerk who encourages her to rebel against her employers.","Director:
Claude Chabrol
                 | 
    Stars:
Isabelle Huppert, 
Sandrine Bonnaire, 
Jacqueline Bisset, 
Jean-Pierre Cassel","",""
"176","The Eighth Day",176,"-1996","PG","118 min","Comedy, Drama",7.5,NA,"An unusual and wonderful friendship develops between a busy but unhappy salesman and a resident of a mental asylum.","Director:
Jaco Van Dormael
                 | 
    Stars:
Daniel Auteuil, 
Pascal Duquenne, 
Miou-Miou, 
Henri Garcin","",""
"177","Kirikou and the Sorceress",177,"-1998","U","71 min","Animation, Adventure, Family",7.5,77,"Kirikou, an unusual little boy, must search the wisdom of the forbidden mountain in order to save his village from a spell cast by the evil sorceress Karaba","Directors:
Michel Ocelot, 
Raymond Burlet
                 | 
    Stars:
Doudou Gueye Thiaw, 
Maimouna N'Diaye, 
Awa Sene Sarr, 
Robert Liensol","",""
"178","Ma vie en rose",178,"-1997","12","88 min","Drama",7.5,NA,"Ludovic is an innocent seven-year-old child who provokes horror in his community when he dresses in girls clothes and insists he's a girl.","Director:
Alain Berliner
                 | 
    Stars:
Georges Du Fresne, 
Michèle Laroque, 
Jean-Philippe Écoffey, 
Hélène Vincent","",""
"179","L'argent",179,"-1983","PG","85 min","Crime, Drama",7.4,95,"A forged 500-franc note is passed from person to person until carelessness leads to tragedy.","Director:
Robert Bresson
                 | 
    Stars:
Christian Patey, 
Sylvie Van den Elsen, 
Michel Briguet, 
Vincent Risterucci","",""
"180","The Diary of a Chambermaid",180,"-1964","X","97 min","Crime, Drama",7.4,NA,"A sophisticated and self-assured woman from Paris joins a middle-class rural estate as a maid and causes quite a stir among the variously uptight, perverse and violent inhabitants.","Director:
Luis Buñuel
                 | 
    Stars:
Jeanne Moreau, 
Georges Géret, 
Michel Piccoli, 
Daniel Ivernel","",""
"181","Bed & Board",181,"-1970","A","97 min","Comedy, Drama, Romance",7.4,NA,"Antoine Doinel works dying flowers in the courtyard outside his apartment. He is married to Christine, who is pregnant. He has an affair with a Japanese woman, jeopardising his marriage.","Director:
François Truffaut
                 | 
    Stars:
Jean-Pierre Léaud, 
Claude Jade, 
Hiroko Berghauer, 
Barbara Laage","",""
"182","Custody",182,"-2017","15","93 min","Drama, Thriller",7.5,83,"A broken marriage leads to a bitter custody battle with an embattled son at the centre.","Director:
Xavier Legrand
                 | 
    Stars:
Léa Drucker, 
Denis Ménochet, 
Thomas Gioria, 
Mathilde Auneveux","",""
"183","Le boucher",183,"-1970","AA","93 min","Drama, Thriller",7.3,NA,"An unlikely friendship between a dour, working class butcher and a repressed schoolteacher coincides with a grisly series of Ripper-type murders in a provincial French town.","Director:
Claude Chabrol
                 | 
    Stars:
Stéphane Audran, 
Jean Yanne, 
Antonio Passalia, 
Pascal Ferone","",""
"184","See You Up There",184,"-2017","","117 min","Comedy, Crime, Drama",7.4,NA,"In November 1919, two soldiers--a disfigured but brilliant artist and an ex-accountant--start a memorial con. But in Roaring Twenties France, their adventures soon turn dangerous.","Director:
Albert Dupontel
                 | 
    Stars:
Nahuel Pérez Biscayart, 
Albert Dupontel, 
Laurent Lafitte, 
Niels Arestrup","",""
"185","A Town Called Panic",185,"-2009","PG","75 min","Animation, Adventure, Comedy",7.4,70,"Cowboy and Indian's only wish was to come up with a brilliant idea for Mr Horse's birthday, but when their plan ends up in utter disaster, they'll need to travel the world and back to make things right again.","Directors:
Stéphane Aubier, 
Vincent Patar
                 | 
    Stars:
Stéphane Aubier, 
Jeanne Balibar, 
Nicolas Buysse, 
François De Brigode","",""
"186","The Wild Child",186,"-1970","U","83 min","Biography, Drama, History",7.5,94,"In a French forest in 1798, a child is found who cannot walk, speak, read or write. A doctor becomes interested in the child and patiently attempts to civilize him.","Director:
François Truffaut
                 | 
    Stars:
François Truffaut, 
Jean-Pierre Cargol, 
Françoise Seigner, 
Paul Villé","",""
"187","French Fried Vacation 2",187,"-1979","","90 min","Comedy",7.4,NA,"Eight tourists who met in a holiday camp on the Ivory Coast are reunited for a skiing holiday.","Director:
Patrice Leconte
                 | 
    Stars:
Josiane Balasko, 
Michel Blanc, 
Marie-Anne Chazel, 
Christian Clavier","",""
"188","Welcome",188,"(I) (2009)","15","110 min","Drama",7.5,61,"Bilal sets off on an adventure-filled journey across Europe and wants to get to England to see his love who lives there.","Director:
Philippe Lioret
                 | 
    Stars:
Vincent Lindon, 
Firat Ayverdi, 
Audrey Dana, 
Derya Ayverdi","",""
"189","The Milky Way",189,"-1969","A","102 min","Comedy, Drama",7.4,NA,"Two drifters go on a pilgrimage from France to Santiago de Compostela in Spain. Along the way, they hitchhike, beg for food, and face the Christian dogmas and heresies from different Ages.","Director:
Luis Buñuel
                 | 
    Stars:
Paul Frankeur, 
Laurent Terzieff, 
Alain Cuny, 
Edith Scob","",""
"190","Jesus of Montreal",190,"-1989","18","118 min","Drama, Romance",7.5,NA,"A group of actors put on an unorthodox, but acclaimed Passion Play which incites the opposition of the Catholic Church while the actors' lives themselves begin to mirror the Passion itself.","Director:
Denys Arcand
                 | 
    Stars:
Lothaire Bluteau, 
Catherine Wilkening, 
Johanne-Marie Tremblay, 
Rémy Girard","",""
"191","The Soft Skin",191,"-1964","X","113 min","Drama, Romance",7.5,78,"Pierre Lachenay is a well-known publisher and lecturer, married with Franca and father of Sabine, around 10. He meets an air hostess, Nicole. They start a love affair, which Pierre is hiding, but he cannot stand staying away from her.","Director:
François Truffaut
                 | 
    Stars:
Jean Desailly, 
Françoise Dorléac, 
Nelly Benedetti, 
Daniel Ceccaldi","",""
"192","Leolo",192,"-1992","18","107 min","Comedy, Drama, Fantasy",7.4,NA,"The story of a young Canadian boy who tries to escape mentally from his disturbed family thanks to his fantasy and imagination.","Director:
Jean-Claude Lauzon
                 | 
    Stars:
Maxime Collin, 
Ginette Reno, 
Gilbert Sicotte, 
Julien Guiomar","",""
"193","Tous les Matins du Monde",193,"-1991","12","115 min","Biography, Drama, History",7.5,NA,"The story of Monsieur de Sainte Colombe, fierce and somber man, grand master of the viola da gamba and professor of Marin Marais, prestigious musician in the court of Louis XIV.","Director:
Alain Corneau
                 | 
    Stars:
Gérard Depardieu, 
Jean-Pierre Marielle, 
Anne Brochet, 
Guillaume Depardieu","",""
"194","Danton",194,"-1983","PG","136 min","Biography, Drama, History",7.4,NA,"In 1793, as the Terror begins in France, Georges Danton, a champion-of-the-people, returns to clash against Maximilien Robespierre and his extremist party.","Director:
Andrzej Wajda
                 | 
    Stars:
Gérard Depardieu, 
Wojciech Pszoniak, 
Anne Alvaro, 
Roland Blanche","",""
"195","The Collector",195,"-1967","15","89 min","Comedy, Drama, Romance",7.3,NA,"A womanizing art dealer and a painter find the serenity of their Riviera vacation disturbed by a third guest, a vivacious bohemian woman known for her long list of male conquests.","Director:
Éric Rohmer
                 | 
    Stars:
Patrick Bauchau, 
Haydée Politoff, 
Daniel Pommereulle, 
Alain Jouffroy","",""
"196","The Man Who Loved Women",196,"-1977","15","120 min","Comedy, Drama, Romance",7.4,NA,"Bertrand Morane's burial is attended by all the women the forty-year-old engineer loved. We then flash back to Bertrand's life and love affairs, told by himself while writing an ...                See full summary »","Director:
François Truffaut
                 | 
    Stars:
Charles Denner, 
Brigitte Fossey, 
Nelly Borgeaud, 
Geneviève Fontanel","",""
"197","Oscar",197,"-1967","","85 min","Comedy",7.5,NA,"Neurotic businessman must find the right man for his pregnant daughter. In fact, it is little bit complicated.","Director:
Édouard Molinaro
                 | 
    Stars:
Louis de Funès, 
Claude Rich, 
Mario David, 
Germaine Delbat","",""
"198","Blame it on Fidel",198,"-2006","","99 min","Drama",7.5,74,"A 9-year-old girl weathers big changes in her household as her parents become radical political activists in 1970-71 Paris.","Director:
Julie Gavras
                 | 
    Stars:
Nina Kervel-Bey, 
Julie Depardieu, 
Stefano Accorsi, 
Benjamin Feuillet","",""
"199","Celine and Julie go Boating",199,"-1974","AA","193 min","Comedy, Drama, Fantasy",7.3,100,"A mysteriously linked pair of young women find their daily lives preempted by a strange boudoir melodrama that plays itself out in a hallucinatory parallel reality.","Director:
Jacques Rivette
                 | 
    Stars:
Juliet Berto, 
Dominique Labourier, 
Bulle Ogier, 
Marie-France Pisier","",""
"200","The Toy",200,"-1976","","95 min","Comedy, Drama",7.4,NA,"A poor journalist finds himself as a toy of a boss' son. Making friends with a naughty child, he tries to save him from the cruel power of his father.","Director:
Francis Veber
                 | 
    Stars:
Pierre Richard, 
Michel Bouquet, 
Fabrice Greco, 
Jacques François","",""
"201","Family Resemblances",201,"-1996","15","110 min","Comedy, Drama",7.4,NA,"An upper middle-class French family celebrates a birthday in a restaurant. In one evening and during one meal, family history, tensions, collective and separate grudges, delights, and ...                See full summary »","Director:
Cédric Klapisch
                 | 
    Stars:
Jean-Pierre Bacri, 
Jean-Pierre Darroussin, 
Catherine Frot, 
Agnès Jaoui","",""
"202","An Autumn Tale",202,"-1998","U","112 min","Comedy, Drama, Romance",7.4,81,"A widow's best friend tries to find her a new husband, but the ad posted in the newspaper attracts more than one possibility.","Director:
Éric Rohmer
                 | 
    Stars:
Marie Rivière, 
Béatrice Romand, 
Alain Libolt, 
Didier Sandre","",""
"203","Irreversible",203,"-2002","18","97 min","Crime, Drama, Mystery",7.3,51,"Events over the course of one traumatic night in Paris unfold in reverse-chronological order as the beautiful Alex is brutally raped and beaten by a stranger in an underpass tunnel.","Director:
Gaspar Noé
                 | 
    Stars:
Monica Bellucci, 
Vincent Cassel, 
Albert Dupontel, 
Philippe Nahon","",""
"204","In the House",204,"-2012","15","105 min","Drama, Mystery, Thriller",7.4,72,"A high school French teacher is drawn into a precocious student's increasingly transgressive story about his relationship with a friend's family.","Director:
François Ozon
                 | 
    Stars:
Fabrice Luchini, 
Vincent Schmitt, 
Ernst Umhauer, 
Kristin Scott Thomas","",""
"205","The Kid with a Bike",205,"-2011","12A","87 min","Drama",7.4,87,"Abandoned by his father, a young boy is left in a state-run youth farm. In a random act of kindness, the town hairdresser agrees to foster him on weekends.","Directors:
Jean-Pierre Dardenne, 
Luc Dardenne
                 | 
    Stars:
Thomas Doret, 
Cécile de France, 
Jérémie Renier, 
Fabrizio Rongione","",""
"206","Two Is a Family",206,"-2016","","118 min","Comedy, Drama",7.3,NA,"A bachelor enjoys his sweet life on the French Riviera until a one-night stand tells him, he's dad to Gloria and leaves her with him. He moves to London with Gloria. Mom turns up 8 years later.","Director:
Hugo Gélin
                 | 
    Stars:
Omar Sy, 
Clémence Poésy, 
Antoine Bertrand, 
Ashley Walters","",""
"207","I Stand Alone",207,"-1998","18","93 min","Crime, Drama, Thriller",7.3,77,"A horse butcher's life and mind begin to break down as he lashes out against various factions of society while attempting to reconnect with his estranged daughter.","Director:
Gaspar Noé
                 | 
    Stars:
Philippe Nahon, 
Blandine Lenoir, 
Frankie Pain, 
Martine Audrain","",""
"208","Tomboy",208,"-2011","U","82 min","Drama",7.4,74,"A family moves into a new neighborhood, and a 10-year-old named Laure deliberately presents as a boy named Mikhael to the neighborhood children.","Director:
Céline Sciamma
                 | 
    Stars:
Zoé Héran, 
Malonn Lévana, 
Jeanne Disson, 
Sophie Cattani","",""
"209","Betty Blue",209,"-1986","18","119 min","Drama, Romance",7.3,56,"A lackadaisical handyman and aspiring novelist tries to support his younger girlfriend as she slowly succumbs to madness.","Director:
Jean-Jacques Beineix
                 | 
    Stars:
Jean-Hugues Anglade, 
Béatrice Dalle, 
Gérard Darmon, 
Consuelo De Haviland","",""
"210","13",210,"-2005","15","93 min","Crime, Drama, Thriller",7.3,61,"A man takes over a dead man's task without realizing the horror it entails.","Director:
Géla Babluani
                 | 
    Stars:
George Babluani, 
Aurélien Recoing, 
Pascal Bongard, 
Fred Ulysse","",""
"211","La Reine Margot",211,"-1994","18","161 min","Biography, Drama, History",7.4,NA,"Young Queen Margot finds herself trapped in an arranged marriage amidst a religious war between Catholics and Protestants. She hopes to escape with a new lover, but finds herself imprisoned by her powerful and ruthless family.","Director:
Patrice Chéreau
                 | 
    Stars:
Isabelle Adjani, 
Daniel Auteuil, 
Jean-Hugues Anglade, 
Vincent Perez","",""
"212","Café de Flore",212,"-2011","15","120 min","Drama, Romance",7.3,53,"A love story between a man and woman. And between a mother and her son. A mystical and fantastical odyssey on love.","Director:
Jean-Marc Vallée
                 | 
    Stars:
Vanessa Paradis, 
Kevin Parent, 
Hélène Florent, 
Evelyne Brochu","",""
"213","L'Appartement",213,"-1996","15","116 min","Drama, Mystery, Romance",7.3,NA,"A recently engaged man sees a former lover and becomes obsessed with meeting her again.","Director:
Gilles Mimouni
                 | 
    Stars:
Romane Bohringer, 
Vincent Cassel, 
Jean-Philippe Écoffey, 
Monica Bellucci","",""
"214","120 BPM (Beats Per Minute)",214,"-2017","15","143 min","Drama",7.4,84,"Members of the advocacy group ACT UP Paris demand action by the government and pharmaceutical companies to combat the AIDS epidemic in the early 1990s.","Director:
Robin Campillo
                 | 
    Stars:
Nahuel Pérez Biscayart, 
Arnaud Valois, 
Adèle Haenel, 
Antoine Reinartz","",""
"215","The Mad Adventures of Rabbi Jacob",215,"-1973","U","100 min","Adventure, Comedy",7.4,NA,"A bigoted Frenchman finds himself forced to impersonate a popular rabbi while on the run from a group of assassins - and the police.","Director:
Gérard Oury
                 | 
    Stars:
Louis de Funès, 
Miou-Miou, 
Suzy Delair, 
Marcel Dalio","",""
"216","Don't Worry, I'm Fine",216,"-2006","","92 min","Drama",7.3,NA,"Lili returns from holidays and learns that her twin brother left the house after a violent argument with their father.","Director:
Philippe Lioret
                 | 
    Stars:
Mélanie Laurent, 
Kad Merad, 
Isabelle Renauld, 
Julien Boisselier","",""
"217","The Hedgehog",217,"-2009","12","100 min","Drama",7.3,64,"The life of a determined young girl is changed when she befriends her building's concierge, a solitary woman who is more than what she seems.","Director:
Mona Achache
                 | 
    Stars:
Josiane Balasko, 
Garance Le Guillermic, 
Togo Igawa, 
Anne Brochet","",""
"218","Divines",218,"-2016","15","105 min","Crime, Drama",7.4,71,"A street teenager from a dysfunctional family from a banlieue (HLMs) in Paris comes across a young dancer who turns her life upside down.","Director:
Houda Benyamina
                 | 
    Stars:
Oulaya Amamra, 
Déborah Lukumuena, 
Kévin Mischel, 
Jisca Kalvanda","",""
"219","La belle époque",219,"-2019","15","115 min","Comedy, Drama, Fantasy",7.4,75,"A couple in crisis. He, disillusioned, sees his life upset the day an entrepreneur offers him to plunge back into the time of his choice.","Director:
Nicolas Bedos
                 | 
    Stars:
Daniel Auteuil, 
Guillaume Canet, 
Doria Tillier, 
Fanny Ardant","",""
"220","La Chèvre",220,"-1981","","90 min","Adventure, Comedy, Crime",7.3,NA,"A daughter of a millionaire, distinguish by incredible bad luck, goes missing. The idea how to find her is either insane or brilliant - to send after her an equally unlucky person.","Director:
Francis Veber
                 | 
    Stars:
Pierre Richard, 
Gérard Depardieu, 
Pedro Armendáriz Jr., 
Corynne Charbit","",""
"221","Beau travail",221,"-1999","15","92 min","Drama, War",7.3,91,"An ex-Foreign Legion officer recalls his once-glorious life of leading troops in Djibouti.","Director:
Claire Denis
                 | 
    Stars:
Denis Lavant, 
Michel Subor, 
Grégoire Colin, 
Richard Courcet","",""
"222","The Axe",222,"-2005","","117 min","Comedy, Crime, Drama",7.3,NA,"A chemist (Garcia) loses his job to outsourcing. Two years later and still jobless, he hits on a solution: to genuinely eliminate his competition.","Director:
Costa-Gavras
                 | 
    Stars:
José Garcia, 
Karin Viard, 
Geordy Couturiau, 
Ulrich Tukur","",""
"223","The Dreamlife of Angels",223,"-1998","18","113 min","Drama",7.4,NA,"The lives of two dissimilar girls turned out in different ways.","Director:
Erick Zonca
                 | 
    Stars:
Élodie Bouchez, 
Natacha Régnier, 
Grégoire Colin, 
Patrick Mercado","",""
"224","Ridicule",224,"-1996","15","102 min","Comedy, Drama, History",7.3,80,"To get royal backing on a needed drainage project, a poor French lord must learn to play the delicate games of wit at court at Versailles.","Director:
Patrice Leconte
                 | 
    Stars:
Charles Berling, 
Jean Rochefort, 
Fanny Ardant, 
Judith Godrèche","",""
"225","Couscous",225,"-2007","","151 min","Drama",7.4,83,"In southern France, a Franco-Arabic shipyard worker along with his partner's daughter pursues his dream of opening a restaurant.","Director:
Abdellatif Kechiche
                 | 
    Stars:
Habib Boufares, 
Hafsia Herzi, 
Farida Benkhetache, 
Abdelhamid Aktouche","",""
"226","Pauline at the Beach",226,"-1983","15","95 min","Comedy, Drama, Romance",7.3,NA,"Marion is about to divorce from her husband and takes her 15-year-old niece Pauline on a vacation to Granville. She meets an old love...","Director:
Éric Rohmer
                 | 
    Stars:
Amanda Langlet, 
Arielle Dombasle, 
Pascal Greggory, 
Féodor Atkine","",""
"227","The Sucker",227,"-1965","U","111 min","Adventure, Comedy, Crime",7.3,NA,"Criminals have chosen an ordinary man to carry drugs and jewels in his car across the border. The problem is that this man turned out too much ordinary.","Director:
Gérard Oury
                 | 
    Stars:
Bourvil, 
Louis de Funès, 
Venantino Venantini, 
Henri Génès","",""
"228","The Blood of a Poet",228,"-1932","PG","55 min","Fantasy",7.3,67,"One of cinema's great experiments, this first installment of the Orphic Trilogy stretches the medium to its limits in an effort to capture the poet's obsession with the struggle between the forces of life and death.","Director:
Jean Cocteau
                 | 
    Stars:
Enrique Rivero, 
Elizabeth Lee Miller, 
Pauline Carton, 
Odette Talazac","",""
"229","Seraphine",229,"-2008","12","125 min","Biography, Drama",7.4,84,"In 1912 German collector Wilhelm Uhde rents a flat in Senlis to write and take a break from Parisian life. He hires a 48-year old cleaning lady, Séraphine. Some time later, he notices a small painting on wood at a local notable home.","Director:
Martin Provost
                 | 
    Stars:
Yolande Moreau, 
Ulrich Tukur, 
Anne Bennent, 
Geneviève Mnich","",""
"230","Les Roseaux Sauvages",230,"-1994","15","115 min","Drama",7.3,83,"The fates of two partners are divided.","Director:
André Téchiné
                 | 
    Stars:
Élodie Bouchez, 
Gaël Morel, 
Stéphane Rideau, 
Frédéric Gorny","",""
"231","Seducing Doctor Lewis",231,"-2003","","108 min","Comedy, Drama",7.3,59,"A much-needed boost, in the form of a new factory, is promised to the residents of the tiny fishing village St. Marie-La-Mauderne, provided they can lure a doctor to take up full-time residency on the island. Inspired, the villagers devise a scheme to make Dr. Christopher Lewis a local.","Director:
Jean-François Pouliot
                 | 
    Stars:
David Boutin, 
Lucie Laurier, 
Raymond Bouchard, 
Dominik Dagenais","",""
"232","Boudu Saved from Drowning",232,"-1932","A","85 min","Comedy",7.3,NA,"A bookseller saves a tramp from drowning and shelters him, but the tramp's odd behavior starts to wear everyone down.","Director:
Jean Renoir
                 | 
    Stars:
Michel Simon, 
Marcelle Hainia, 
Sévérine Lerczinska, 
Jean Gehret","",""
"233","Time Masters",233,"-1982","","78 min","Animation, Adventure, Sci-Fi",7.3,NA,"Piel, a 7 or 8 year old boy, is alone on the desert planet Perdide, only survivor of an attack by giant hornets. Calling for help, Piel's father's friend Jaffar keeps contact with the kid and hurries across space toward Perdide.","Director:
René Laloux
                 | 
    Stars:
Jean Valmont, 
Michel Elias, 
Frédéric Legros, 
Yves-Marie Maurin","",""
"234","Two English Girls",234,"-1971","X","130 min","Drama, Romance",7.2,NA,"At the beginning of the 20th century, middle-class young Frenchman Claude Roc meets young Englishwoman Ann Brown in Paris. They become friends and she invites him to spend holidays at the ...                See full summary »","Director:
François Truffaut
                 | 
    Stars:
Jean-Pierre Léaud, 
Kika Markham, 
Stacey Tendeter, 
Sylvia Marriott","",""
"235","Buffet Froid",235,"-1979","12","89 min","Comedy, Crime, Thriller",7.2,NA,"Alphonse lives in an empty building. Empty but for one neighbour, the police captain Morvandieu. When the man who have killed Alphonse's wife appears, the three men will be thrown in a serie of event in a surrealist world.","Director:
Bertrand Blier
                 | 
    Stars:
Gérard Depardieu, 
Bernard Blier, 
Jean Carmet, 
Denise Gence","",""
"236","Time Out",236,"-2001","PG","134 min","Drama",7.3,88,"An unemployed man finds his life sinking more and more into trouble as he hides his situation from his family and friends.","Director:
Laurent Cantet
                 | 
    Stars:
Aurélien Recoing, 
Karin Viard, 
Serge Livrozet, 
Jean-Pierre Mangeot","",""
"237","East/West",237,"-1999","PG-13","121 min","Adventure, Drama, History",7.4,61,"In June 1946, Stalin invites the Russian exiled from the 1917 Revolution to return home. When the ships comes ashore in Odessa, the passengers are divided in two groups and one of them is ...                See full summary »","Director:
Régis Wargnier
                 | 
    Stars:
Oleg Menshikov, 
Sandrine Bonnaire, 
Catherine Deneuve, 
Sergey Bodrov","",""
"238","Hidden (Caché)",238,"-2005","15","117 min","Drama, Mystery, Thriller",7.3,86,"A married couple is terrorized by a series of surveillance videotapes left on their front porch.","Director:
Michael Haneke
                 | 
    Stars:
Daniel Auteuil, 
Juliette Binoche, 
Maurice Bénichou, 
Annie Girardot","",""
"239","The Science of Sleep",239,"-2006","15","105 min","Comedy, Drama, Fantasy",7.2,70,"A man entranced by his dreams and imagination is love-struck with a French woman and feels he can show her his world.","Director:
Michel Gondry
                 | 
    Stars:
Gael García Bernal, 
Charlotte Gainsbourg, 
Miou-Miou, 
Alain Chabat","",""
"240","Nikita",240,"-1990","18","117 min","Action, Crime, Drama",7.3,56,"Convicted felon Nikita isn't going to jail; she's given a new identity and trained, stylishly, as a top secret spy/assassin.","Director:
Luc Besson
                 | 
    Stars:
Anne Parillaud, 
Marc Duret, 
Patrick Fontana, 
Alain Lathière","",""
"241","Two Days, One Night",241,"-2014","15","95 min","Drama",7.3,89,"Liège, Belgium. Sandra is a factory worker who discovers that her workmates have opted for a EUR1,000 bonus in exchange for her dismissal. She has only a weekend to convince her colleagues to give up their bonuses in order to keep her job.","Directors:
Jean-Pierre Dardenne, 
Luc Dardenne
                 | 
    Stars:
Marion Cotillard, 
Fabrizio Rongione, 
Catherine Salée, 
Baptiste Sornin","",""
"242","Pot Luck",242,"-2002","15","122 min","Comedy, Drama, Romance",7.3,65,"A strait-laced French student moves into an apartment in Barcelona with a cast of six other characters from all over Europe. Together, they speak the international language of love and friendship.","Director:
Cédric Klapisch
                 | 
    Stars:
Romain Duris, 
Judith Godrèche, 
Kelly Reilly, 
Audrey Tautou","",""
"243","La Famille Bélier",243,"-2014","12","106 min","Comedy, Drama, Music",7.3,NA,"A girl, who lives with her deaf parents, discovers that she has the gift of singing.","Director:
Éric Lartigau
                 | 
    Stars:
Karin Viard, 
François Damiens, 
Eric Elmosnino, 
Louane Emera","",""
"244","Certified Copy",244,"-2010","12A","106 min","Drama, Romance",7.2,82,"In Tuscany to promote his latest book, a middle-aged British writer meets a French woman who leads him to the village of Lucignano. While there, a chance question reveals something deeper.","Director:
Abbas Kiarostami
                 | 
    Stars:
Juliette Binoche, 
William Shimell, 
Jean-Claude Carrière, 
Agathe Natanson","",""
"245","The Beat That My Heart Skipped",245,"-2005","15","108 min","Crime, Drama, Music",7.2,75,"Will Thomas still lead a life of crime and cruelty, just like his thuggish father, or will he pursue his dream of becoming a pianist?","Director:
Jacques Audiard
                 | 
    Stars:
Romain Duris, 
Aure Atika, 
Emmanuelle Devos, 
Niels Arestrup","",""
"246","99 francs",246,"-2007","","100 min","Comedy, Drama",7.2,NA,"The life of Octave Parango, a flamboyant ad designer, filled with success, satire, misery and love.","Director:
Jan Kounen
                 | 
    Stars:
Jean Dujardin, 
Jocelyn Quivrin, 
Patrick Mille, 
Vahina Giocante","",""
"247","What's in a Name?",247,"-2012","","109 min","Comedy, Drama",7.3,66,"Vincent is about to become a father. At a meeting with childhood friends he announces the name for his future son. The scandalous name ignites a discussion which surfaces unpleasant matters from the past of the group.","Directors:
Alexandre de La Patellière, 
Matthieu Delaporte
                 | 
    Stars:
Patrick Bruel, 
Valérie Benguigui, 
Charles Berling, 
Guillaume de Tonquédec","",""
"248","Read My Lips",248,"-2001","15","118 min","Crime, Drama, Romance",7.3,82,"She is almost deaf and he lip-reads. He is an ex-convict. She wants to help him. He thinks no one can help except himself.","Director:
Jacques Audiard
                 | 
    Stars:
Vincent Cassel, 
Emmanuelle Devos, 
Olivier Gourmet, 
Olivier Perrier","",""
"249","Polisse",249,"-2011","15","127 min","Crime, Drama",7.3,74,"A journalist covering police assigned to a juvenile division enters into an affair with one of her subjects.","Director:
Maïwenn
                 | 
    Stars:
Karin Viard, 
JoeyStarr, 
Marina Foïs, 
Nicolas Duvauchelle","",""
"250","Monsieur Ibrahim",250,"-2003","R","96 min","Comedy, Drama",7.3,69,"In Paris, a Turkish shop owner befriends a Jewish boy in his mid-teens.","Director:
François Dupeyron
                 | 
    Stars:
Omar Sharif, 
Pierre Boulanger, 
Gilbert Melki, 
Isabelle Renauld","",""
