"country","continent","year","fshare","top1","inc_head"
"Algeria","Africa",2010,0.0992,0.1003,12610.6266
"Algeria","Africa",2011,0.112,0.0991,12619.9841
"Algeria","Africa",2012,0.1201,0.0991,12634.0257
"Algeria","Africa",2013,0.1206,0.0991,12531.988
"Algeria","Africa",2014,0.116,0.0991,12546.43
"Algeria","Africa",2015,0.1221,0.0991,12533.3886
"Algeria","Africa",2016,0.1232,0.0991,12955.519
"Algeria","Africa",2017,0.1282,0.0991,12740.5483
"Algeria","Africa",2018,0.1265,0.0991,12590.2065
"Algeria","Africa",2019,0.1248,0.0991,12533.531
"Angola","Africa",2010,0.2664,0.1744,11180.7619
"Angola","Africa",2011,0.2707,0.1851,11251.6206
"Angola","Africa",2012,0.2682,0.1958,11898.0819
"Angola","Africa",2013,0.2631,0.2065,12194.3769
"Angola","Africa",2014,0.2614,0.2172,12523.9286
"Angola","Africa",2015,0.261,0.2278,12344.2155
"Angola","Africa",2016,0.2658,0.2385,11565.1393
"Angola","Africa",2017,0.2677,0.2491,11044.4066
"Angola","Africa",2018,0.2717,0.2598,10306.9495
"Angola","Africa",2019,0.2726,0.2598,9880.714
"Benin","Africa",2010,0.2189,0.1546,4233.3721
"Benin","Africa",2011,0.214,0.1533,4251.8454
"Benin","Africa",2012,0.214,0.1588,4290.4816
"Benin","Africa",2013,0.2166,0.1643,4467.2669
"Benin","Africa",2014,0.2211,0.1697,4611.6364
"Benin","Africa",2015,0.2227,0.1751,4524.3636
"Benin","Africa",2016,0.2233,0.1751,4541.8824
"Benin","Africa",2017,0.2276,0.1751,4649.7189
"Benin","Africa",2018,0.2307,0.1751,4800.0637
"Benin","Africa",2019,0.2369,0.1751,4962.5882
"Botswana","Africa",2010,0.3702,0.2829,13801.9313
"Botswana","Africa",2011,0.374,0.2718,15197.425
"Botswana","Africa",2012,0.3801,0.2607,15424.1023
"Botswana","Africa",2013,0.386,0.2496,16306.0916
"Botswana","Africa",2014,0.3899,0.2385,17050.9762
"Botswana","Africa",2015,0.3933,0.2274,15777.7181
"Botswana","Africa",2016,0.3941,0.2274,15462.1996
"Botswana","Africa",2017,0.3954,0.2274,15818.8696
"Botswana","Africa",2018,0.3959,0.2274,15881.3424
"Botswana","Africa",2019,0.3965,0.2274,16028.2976
"Burkina Faso","Africa",2010,0.26,0.1665,2822.7416
"Burkina Faso","Africa",2011,0.2742,0.1613,2913.5128
"Burkina Faso","Africa",2012,0.2768,0.1561,2998.5255
"Burkina Faso","Africa",2013,0.2755,0.1508,3019.2356
"Burkina Faso","Africa",2014,0.2837,0.1456,3014.6912
"Burkina Faso","Africa",2015,0.2865,0.1456,3014.3338
"Burkina Faso","Africa",2016,0.2933,0.1456,3075.1445
"Burkina Faso","Africa",2017,0.2996,0.1456,3166.6703
"Burkina Faso","Africa",2018,0.309,0.1456,3261.8397
"Burkina Faso","Africa",2019,0.311,0.1456,3331.8303
"Burundi","Africa",2010,0.3837,0.1394,1277.634
"Burundi","Africa",2011,0.3763,0.1421,1270.8709
"Burundi","Africa",2012,0.3737,0.1448,1284.2183
"Burundi","Africa",2013,0.3678,0.1474,1308.622
"Burundi","Africa",2014,0.3621,0.1474,1315.5003
"Burundi","Africa",2015,0.3566,0.1474,1213.2238
"Burundi","Africa",2016,0.3487,0.1474,1164.5592
"Burundi","Africa",2017,0.3361,0.1474,1132.935
"Burundi","Africa",2018,0.3264,0.1474,1118.4295
"Burundi","Africa",2019,0.3167,0.1474,1101.3851
"Cameroon","Africa",2010,0.239,0.1574,5068.476
"Cameroon","Africa",2011,0.2444,0.1577,5063.8293
"Cameroon","Africa",2012,0.2505,0.158,5106.008
"Cameroon","Africa",2013,0.2548,0.1582,5181.0497
"Cameroon","Africa",2014,0.26,0.1585,5311.8493
"Cameroon","Africa",2015,0.2635,0.1585,5477.2215
"Cameroon","Africa",2016,0.2673,0.1585,5536.5438
"Cameroon","Africa",2017,0.2722,0.1585,5549.1884
"Cameroon","Africa",2018,0.2764,0.1585,5593.3151
"Cameroon","Africa",2019,0.2798,0.1585,5604.8283
"Cape Verde","Africa",2010,0.2971,0.1731,7258.2314
"Cape Verde","Africa",2011,0.2992,0.1663,7405.3442
"Cape Verde","Africa",2012,0.3027,0.1595,7214.5339
"Cape Verde","Africa",2013,0.3072,0.1527,7105.8786
"Cape Verde","Africa",2014,0.312,0.1459,6851.9486
"Cape Verde","Africa",2015,0.3156,0.1391,6851.7103
"Cape Verde","Africa",2016,0.3492,0.1391,7046.178
"Cape Verde","Africa",2017,0.3703,0.1391,7164.699
"Cape Verde","Africa",2018,0.3742,0.1391,7449.246
"Cape Verde","Africa",2019,0.3702,0.1391,7751.1467
"Central African Republic","Africa",2010,0.2545,0.31,1892.6457
"Central African Republic","Africa",2011,0.2547,0.31,1981.31
"Central African Republic","Africa",2012,0.2487,0.31,2104.9584
"Central African Republic","Africa",2013,0.2188,0.31,1312.6811
"Central African Republic","Africa",2014,0.2103,0.31,1330.1283
"Central African Republic","Africa",2015,0.2056,0.31,1399.5983
"Central African Republic","Africa",2016,0.2034,0.31,1452.466
"Central African Republic","Africa",2017,0.2035,0.31,1495.0753
"Central African Republic","Africa",2018,0.2026,0.31,1521.3398
"Central African Republic","Africa",2019,0.2018,0.31,1531.3711
"Chad","Africa",2010,0.0986,0.1555,3258.6444
"Chad","Africa",2011,0.0988,0.1571,3136.0026
"Chad","Africa",2012,0.1009,0.1571,3298.9503
"Chad","Africa",2013,0.094,0.1571,3361.6025
"Chad","Africa",2014,0.0962,0.1571,3469.2749
"Chad","Africa",2015,0.0967,0.1571,3437.4665
"Chad","Africa",2016,0.0899,0.1571,3097.6324
"Chad","Africa",2017,0.0859,0.1571,2895.969
"Chad","Africa",2018,0.0857,0.1571,2866.341
"Chad","Africa",2019,0.0859,0.1571,2860.0449
"Comoros","Africa",2010,0.2198,0.2014,4182.0686
"Comoros","Africa",2011,0.2227,0.1864,4231.4379
"Comoros","Africa",2012,0.2253,0.1715,4230.8976
"Comoros","Africa",2013,0.2284,0.1565,4297.1851
"Comoros","Africa",2014,0.2301,0.1415,4283.6723
"Comoros","Africa",2015,0.2318,0.1415,4206.4049
"Comoros","Africa",2016,0.2341,0.1415,4231.876
"Comoros","Africa",2017,0.2367,0.1415,4273.4714
"Comoros","Africa",2018,0.2395,0.1415,4316.3665
"Comoros","Africa",2019,0.242,0.1415,4272.6352
"Congo","Africa",2010,0.1891,0.202,6300.2189
"Congo","Africa",2011,0.1921,0.2052,5990.8436
"Congo","Africa",2012,0.1946,0.2052,6856.3564
"Congo","Africa",2013,0.1931,0.2052,6881.392
"Congo","Africa",2014,0.1916,0.2052,7613.0454
"Congo","Africa",2015,0.1905,0.2052,7026.5846
"Congo","Africa",2016,0.1918,0.2052,5790.5456
"Congo","Africa",2017,0.1929,0.2052,5407.3314
"Congo","Africa",2018,0.1937,0.2052,5010.1421
"Congo","Africa",2019,0.197,0.2052,4893.4483
"Djibouti","Africa",2010,0.294,0.1682,3307.2415
"Djibouti","Africa",2011,0.2938,0.17,3365.4642
"Djibouti","Africa",2012,0.2958,0.1717,3461.3545
"Djibouti","Africa",2013,0.295,0.1649,4758.5821
"Djibouti","Africa",2014,0.2983,0.1633,4950.5723
"Djibouti","Africa",2015,0.3005,0.1618,5171.4487
"Djibouti","Africa",2016,0.3008,0.1602,5257.0159
"Djibouti","Africa",2017,0.3025,0.1586,5297.7387
"Djibouti","Africa",2018,0.3046,0.1586,5593.4233
"Djibouti","Africa",2019,0.3055,0.1586,5897.4357
"DR Congo","Africa",2010,0.2115,0.1648,1388.6589
"DR Congo","Africa",2011,0.2163,0.1555,1455.2603
"DR Congo","Africa",2012,0.2187,0.1463,1511.6074
"DR Congo","Africa",2013,0.2254,0.1463,1498.2101
"DR Congo","Africa",2014,0.2329,0.1463,1717.8362
"DR Congo","Africa",2015,0.2325,0.1463,1753.2396
"DR Congo","Africa",2016,0.2302,0.1463,1758.5311
"DR Congo","Africa",2017,0.2357,0.1463,1738.7744
"DR Congo","Africa",2018,0.242,0.1463,1764.2535
"DR Congo","Africa",2019,0.2375,0.1463,1775.2076
"Egypt","Africa",2010,0.146,0.1789,12637.4071
"Egypt","Africa",2011,0.1522,0.1829,12605.2554
"Egypt","Africa",2012,0.159,0.1869,12755.1547
"Egypt","Africa",2013,0.1569,0.1942,12731.8797
"Egypt","Africa",2014,0.1582,0.2013,12857.1924
"Egypt","Africa",2015,0.1499,0.2082,13232.7643
"Egypt","Africa",2016,0.1791,0.2037,13530.6107
"Egypt","Africa",2017,0.1718,0.1993,13638.734
"Egypt","Africa",2018,0.1446,0.1993,13890.1067
"Egypt","Africa",2019,0.1505,0.1993,14248.2758
"Equatorial Guinea","Africa",2010,0.2702,0.1703,39353.0268
"Equatorial Guinea","Africa",2011,0.2737,0.1678,40393.2074
"Equatorial Guinea","Africa",2012,0.2733,0.165,41542.4054
"Equatorial Guinea","Africa",2013,0.2761,0.1668,37307.4477
"Equatorial Guinea","Africa",2014,0.2782,0.1686,35323.8154
"Equatorial Guinea","Africa",2015,0.2783,0.1703,28874.8734
"Equatorial Guinea","Africa",2016,0.2833,0.1722,24648.642
"Equatorial Guinea","Africa",2017,0.2968,0.174,22779.9937
"Equatorial Guinea","Africa",2018,0.3088,0.1759,20779.7685
"Equatorial Guinea","Africa",2019,0.3131,0.1759,18232.3112
"Eritrea","Africa",2010,0.3704,0.1491,2374.2396
"Eritrea","Africa",2011,0.3834,0.147,2564.6702
"Eritrea","Africa",2012,0.3946,0.1448,2586.2412
"Eritrea","Africa",2013,0.391,0.1426,2276.4057
"Eritrea","Africa",2014,0.4075,0.1404,3032.0135
"Eritrea","Africa",2015,0.3991,0.1382,2362.9304
"Eritrea","Africa",2016,0.404,0.1382,2520.1552
"Eritrea","Africa",2017,0.3903,0.1382,2227.135
"Eritrea","Africa",2018,0.3972,0.1382,2520.2118
"Eritrea","Africa",2019,0.3931,0.1382,2589.9637
"Ethiopia","Africa",2010,0.3073,0.1491,2297.3908
"Ethiopia","Africa",2011,0.3086,0.147,2431.5521
"Ethiopia","Africa",2012,0.3102,0.1448,2551.6833
"Ethiopia","Africa",2013,0.3101,0.1426,2710.8349
"Ethiopia","Africa",2014,0.3134,0.1404,2872.0119
"Ethiopia","Africa",2015,0.3189,0.1382,3025.4309
"Ethiopia","Africa",2016,0.3218,0.1382,3181.2135
"Ethiopia","Africa",2017,0.3272,0.1382,3307.916
"Ethiopia","Africa",2018,0.3347,0.1382,3432.2939
"Ethiopia","Africa",2019,0.3409,0.1382,3541.0333
"Gabon","Africa",2010,0.284,0.1459,15813.3004
"Gabon","Africa",2011,0.2859,0.1408,17360.0417
"Gabon","Africa",2012,0.2879,0.1357,16961.1704
"Gabon","Africa",2013,0.2892,0.1306,18011.296
"Gabon","Africa",2014,0.291,0.1255,18424.9978
"Gabon","Africa",2015,0.2926,0.1204,18870.554
"Gabon","Africa",2016,0.2929,0.1153,18676.6689
"Gabon","Africa",2017,0.2938,0.1102,18239.0406
"Gabon","Africa",2018,0.2945,0.1102,17934.5091
"Gabon","Africa",2019,0.2947,0.1102,18226.0453
"Gambia","Africa",2010,0.2208,0.2135,3683.0426
"Gambia","Africa",2011,0.2228,0.198,3137.0478
"Gambia","Africa",2012,0.2269,0.1826,3217.1199
"Gambia","Africa",2013,0.23,0.1671,3219.8676
"Gambia","Africa",2014,0.2297,0.1516,3045.9608
"Gambia","Africa",2015,0.234,0.1361,3063.8132
"Gambia","Africa",2016,0.24,0.1361,2970.6015
"Gambia","Africa",2017,0.2392,0.1361,3074.2451
"Gambia","Africa",2018,0.2409,0.1361,3229.329
"Gambia","Africa",2019,0.2438,0.1361,3320.8273
"Ghana","Africa",2010,0.2749,0.148,5401.8537
"Ghana","Africa",2011,0.2797,0.146,5936.73
"Ghana","Africa",2012,0.2798,0.1439,6206.3687
"Ghana","Africa",2013,0.2791,0.146,6600.2548
"Ghana","Africa",2014,0.2818,0.1481,6522.0193
"Ghana","Africa",2015,0.2815,0.1502,6531.0678
"Ghana","Africa",2016,0.2814,0.1523,6563.6915
"Ghana","Africa",2017,0.2833,0.1523,6732.2888
"Ghana","Africa",2018,0.2866,0.1523,6854.3203
"Ghana","Africa",2019,0.2889,0.1523,7108.4165
"Guinea","Africa",2010,0.1861,0.1278,3112.9644
"Guinea","Africa",2011,0.1838,0.1266,3107.8666
"Guinea","Africa",2012,0.1847,0.1253,3136.0862
"Guinea","Africa",2013,0.1773,0.1253,2946.2063
"Guinea","Africa",2014,0.1786,0.1253,2912.4941
"Guinea","Africa",2015,0.1731,0.1253,2767.9616
"Guinea","Africa",2016,0.1728,0.1253,1826.9161
"Guinea","Africa",2017,0.1707,0.1253,3116.1793
"Guinea","Africa",2018,0.1742,0.1253,3220.9609
"Guinea","Africa",2019,0.1752,0.1253,3326.9705
"Guinea-Bissau","Africa",2010,0.42,0.1708,2734.7667
"Guinea-Bissau","Africa",2011,0.4212,0.1708,2827.8131
"Guinea-Bissau","Africa",2012,0.4165,0.1708,2634.937
"Guinea-Bissau","Africa",2013,0.4202,0.1708,2718.0085
"Guinea-Bissau","Africa",2014,0.4046,0.1708,2781.5117
"Guinea-Bissau","Africa",2015,0.4065,0.1708,2833.3722
"Guinea-Bissau","Africa",2016,0.4096,0.1708,2890.7858
"Guinea-Bissau","Africa",2017,0.411,0.1708,2962.6637
"Guinea-Bissau","Africa",2018,0.4097,0.1708,2767.1208
"Guinea-Bissau","Africa",2019,0.4085,0.1708,2796.5941
"Ivory Coast","Africa",2010,0.2412,0.1799,6019.0594
"Ivory Coast","Africa",2011,0.2338,0.1778,5522.7769
"Ivory Coast","Africa",2012,0.2265,0.1758,5816.3133
"Ivory Coast","Africa",2013,0.2191,0.1739,6315.5385
"Ivory Coast","Africa",2014,0.2118,0.1721,6719.754
"Ivory Coast","Africa",2015,0.2044,0.1721,6941.1261
"Ivory Coast","Africa",2016,0.2073,0.1721,7197.1027
"Ivory Coast","Africa",2017,0.2409,0.1721,7410.1093
"Ivory Coast","Africa",2018,0.2468,0.1721,7683.1957
"Ivory Coast","Africa",2019,0.2523,0.1721,7864.5276
"Kenya","Africa",2010,0.321,0.1833,5839.4598
"Kenya","Africa",2011,0.3276,0.1771,5975.9226
"Kenya","Africa",2012,0.3341,0.1708,5999.8405
"Kenya","Africa",2013,0.3397,0.1645,6020.2113
"Kenya","Africa",2014,0.3451,0.1582,5610.4507
"Kenya","Africa",2015,0.3502,0.1519,5734.0265
"Kenya","Africa",2016,0.3552,0.1519,5782.9547
"Kenya","Africa",2017,0.3596,0.1519,5609.3582
"Kenya","Africa",2018,0.3633,0.1519,5712.5568
"Kenya","Africa",2019,0.3672,0.1519,5741.9371
"Lesotho","Africa",2010,0.3227,0.1899,4127.2602
"Lesotho","Africa",2011,0.3224,0.1834,3955.8797
"Lesotho","Africa",2012,0.3211,0.177,4048.8226
"Lesotho","Africa",2013,0.3219,0.1705,4006.8198
"Lesotho","Africa",2014,0.3236,0.164,3909.4437
"Lesotho","Africa",2015,0.3253,0.1575,3995.7782
"Lesotho","Africa",2016,0.3272,0.1511,4281.8302
"Lesotho","Africa",2017,0.3311,0.1446,4115.2493
"Lesotho","Africa",2018,0.3327,0.1446,3985.6115
"Lesotho","Africa",2019,0.3346,0.1446,3921.2891
"Liberia","Africa",2010,0.2122,0.1192,141.439
"Liberia","Africa",2011,0.2101,0.1166,364.7802
"Liberia","Africa",2012,0.2091,0.114,1100.1682
"Liberia","Africa",2013,0.2046,0.1114,1743.2587
"Liberia","Africa",2014,0.2044,0.1088,2648.279
"Liberia","Africa",2015,0.1982,0.1154,2561.6516
"Liberia","Africa",2016,0.1968,0.122,2108.6689
"Liberia","Africa",2017,0.197,0.122,2026.6091
"Liberia","Africa",2018,0.1966,0.122,2137.8072
"Liberia","Africa",2019,0.1893,0.122,2020.624
"Libya","Africa",2010,0.2337,0.1281,27135.6896
"Libya","Africa",2011,0.2446,0.1262,9687.58
"Libya","Africa",2012,0.2391,0.1246,22008.0997
"Libya","Africa",2013,0.2421,0.1314,19099.8671
"Libya","Africa",2014,0.245,0.1387,14698.1482
"Libya","Africa",2015,0.247,0.1446,14058.5349
"Libya","Africa",2016,0.2497,0.1402,13150.4541
"Libya","Africa",2017,0.2474,0.1356,16416.2806
"Libya","Africa",2018,0.2457,0.1356,18073.7753
"Libya","Africa",2019,0.2469,0.1356,17981.7802
"Madagascar","Africa",2010,0.3133,0.187,2378.0599
"Madagascar","Africa",2011,0.3172,0.1694,2336.3064
"Madagascar","Africa",2012,0.3197,0.1517,2292.7582
"Madagascar","Africa",2013,0.3198,0.1517,2264.3029
"Madagascar","Africa",2014,0.3241,0.1517,2278.069
"Madagascar","Africa",2015,0.3259,0.1517,2244.8115
"Madagascar","Africa",2016,0.3325,0.1517,2249.0369
"Madagascar","Africa",2017,0.3366,0.1517,2278.9492
"Madagascar","Africa",2018,0.357,0.1517,2268.6315
"Madagascar","Africa",2019,0.3636,0.1517,2286.3262
"Malawi","Africa",2010,0.3729,0.2196,2234.0081
"Malawi","Africa",2011,0.371,0.2297,2215.5522
"Malawi","Africa",2012,0.3638,0.2398,2275.5453
"Malawi","Africa",2013,0.3573,0.2499,2205.9186
"Malawi","Africa",2014,0.3615,0.2601,2254.708
"Malawi","Africa",2015,0.3574,0.2702,2277.3357
"Malawi","Africa",2016,0.3555,0.2804,2287.9405
"Malawi","Africa",2017,0.353,0.2804,2260.0657
"Malawi","Africa",2018,0.3505,0.2804,2265.5856
"Malawi","Africa",2019,0.351,0.2804,2306.6618
"Mali","Africa",2010,0.2173,0.0969,3480.9344
"Mali","Africa",2011,0.2138,0.0969,3512.1686
"Mali","Africa",2012,0.2179,0.0969,3378.5889
"Mali","Africa",2013,0.2157,0.0969,3378.1859
"Mali","Africa",2014,0.2274,0.0969,3546.7254
"Mali","Africa",2015,0.231,0.0969,3678.8
"Mali","Africa",2016,0.223,0.0969,3760.1063
"Mali","Africa",2017,0.2155,0.0969,3814.158
"Mali","Africa",2018,0.2416,0.0969,3882.5144
"Mali","Africa",2019,0.2464,0.0969,3935.0142
"Mauritania","Africa",2010,0.1882,0.1043,7079.2864
"Mauritania","Africa",2011,0.1886,0.1051,7135.0402
"Mauritania","Africa",2012,0.1876,0.1059,6630.7061
"Mauritania","Africa",2013,0.1812,0.1067,6669.118
"Mauritania","Africa",2014,0.1732,0.1075,6659.2938
"Mauritania","Africa",2015,0.1664,0.1075,6862.6659
"Mauritania","Africa",2016,0.1622,0.1075,6791.4732
"Mauritania","Africa",2017,0.1565,0.1075,7124.9836
"Mauritania","Africa",2018,0.1568,0.1075,7282.0058
"Mauritania","Africa",2019,0.1576,0.1075,7473.4295
"Mauritius","Africa",2010,0.3093,0.1592,20928.6064
"Mauritius","Africa",2011,0.312,0.1647,21399.6612
"Mauritius","Africa",2012,0.3135,0.1701,22612.0029
"Mauritius","Africa",2013,0.3261,0.1679,24492.8539
"Mauritius","Africa",2014,0.327,0.1656,28171.5247
"Mauritius","Africa",2015,0.3337,0.1634,26528.4806
"Mauritius","Africa",2016,0.3308,0.1612,23950.8656
"Mauritius","Africa",2017,0.334,0.1589,24766.9834
"Mauritius","Africa",2018,0.3376,0.1589,26301.9773
"Mauritius","Africa",2019,0.3407,0.1589,20782.2998
"Morocco","Africa",2010,0.1424,0.1595,7501.0131
"Morocco","Africa",2011,0.136,0.1568,7667.2331
"Morocco","Africa",2012,0.1353,0.1541,7700.7971
"Morocco","Africa",2013,0.1359,0.1514,7953.6398
"Morocco","Africa",2014,0.1304,0.1514,7944.9775
"Morocco","Africa",2015,0.1289,0.1514,8198.8686
"Morocco","Africa",2016,0.1288,0.1514,8135.7498
"Morocco","Africa",2017,0.1286,0.1514,8316.6644
"Morocco","Africa",2018,0.1333,0.1514,8434.1844
"Morocco","Africa",2019,0.1376,0.1514,8412.2069
"Mozambique","Africa",2010,0.2057,0.2603,1569.4547
"Mozambique","Africa",2011,0.207,0.273,1677.6895
"Mozambique","Africa",2012,0.2079,0.2857,1767.5948
"Mozambique","Africa",2013,0.2053,0.2984,1845.6363
"Mozambique","Africa",2014,0.2047,0.3111,1911.3119
"Mozambique","Africa",2015,0.2051,0.3111,1965.4623
"Mozambique","Africa",2016,0.2092,0.3111,1971.8045
"Mozambique","Africa",2017,0.2175,0.3111,1962.6757
"Mozambique","Africa",2018,0.2227,0.3111,1987.2699
"Mozambique","Africa",2019,0.2198,0.3111,1965.5512
"Namibia","Africa",2010,0.3642,0.255,11715.7715
"Namibia","Africa",2011,0.3673,0.2472,12194.9268
"Namibia","Africa",2012,0.3693,0.2393,12165.6544
"Namibia","Africa",2013,0.3743,0.2315,13132.5513
"Namibia","Africa",2014,0.3792,0.2236,13586.6375
"Namibia","Africa",2015,0.3792,0.2157,13930.5484
"Namibia","Africa",2016,0.3809,0.2157,13247.2795
"Namibia","Africa",2017,0.3918,0.2157,12867.2292
"Namibia","Africa",2018,0.4012,0.2157,12487.1221
"Namibia","Africa",2019,0.4012,0.2157,11850.9498
"Niger","Africa",2010,0.329,0.1324,1925.0713
"Niger","Africa",2011,0.3186,0.1222,1910.5756
"Niger","Africa",2012,0.3101,0.1201,2020.71
"Niger","Africa",2013,0.2368,0.1181,2041.4694
"Niger","Africa",2014,0.1679,0.116,2070.7757
"Niger","Africa",2015,0.1623,0.116,2071.7987
"Niger","Africa",2016,0.1576,0.116,2108.772
"Niger","Africa",2017,0.1554,0.116,2126.9697
"Niger","Africa",2018,0.1506,0.116,2194.455
"Niger","Africa",2019,0.1506,0.116,2231.483
"Nigeria","Africa",2010,0.2993,0.1497,7475.4086
"Nigeria","Africa",2011,0.301,0.1455,7620.6834
"Nigeria","Africa",2012,0.2943,0.1413,7757.8866
"Nigeria","Africa",2013,0.2876,0.1371,8104.3676
"Nigeria","Africa",2014,0.2822,0.1328,8541.3143
"Nigeria","Africa",2015,0.2811,0.1286,8607.6491
"Nigeria","Africa",2016,0.2805,0.1244,8372.3399
"Nigeria","Africa",2017,0.2784,0.1201,8171.0686
"Nigeria","Africa",2018,0.2792,0.1159,8100.7696
"Nigeria","Africa",2019,0.28,0.1159,8138.8474
"Rwanda","Africa",2010,0.3049,0.2369,2290.3822
"Rwanda","Africa",2011,0.3145,0.2337,2391.6718
"Rwanda","Africa",2012,0.3155,0.2305,2497.4802
"Rwanda","Africa",2013,0.3183,0.2273,2518.6428
"Rwanda","Africa",2014,0.3225,0.2178,2592.7542
"Rwanda","Africa",2015,0.3259,0.2083,2766.3017
"Rwanda","Africa",2016,0.325,0.1989,2771.7803
"Rwanda","Africa",2017,0.3231,0.1989,2806.2483
"Rwanda","Africa",2018,0.3265,0.1989,2943.7732
"Rwanda","Africa",2019,0.3285,0.1989,3128.9653
"Sao Tome and Principe","Africa",2010,0.2712,0.0895,5305.0678
"Sao Tome and Principe","Africa",2011,0.2736,0.0895,5397.4227
"Sao Tome and Principe","Africa",2012,0.2754,0.0895,5405.0859
"Sao Tome and Principe","Africa",2013,0.2755,0.0895,5654.8718
"Sao Tome and Principe","Africa",2014,0.275,0.0895,6007.5887
"Sao Tome and Principe","Africa",2015,0.2762,0.0895,6063.4843
"Sao Tome and Principe","Africa",2016,0.2773,0.0895,6183.611
"Sao Tome and Principe","Africa",2017,0.2784,0.0895,6211.7541
"Sao Tome and Principe","Africa",2018,0.2808,0.0895,6248.9752
"Sao Tome and Principe","Africa",2019,0.2828,0.0895,6241.2928
"Senegal","Africa",2010,0.2362,0.1323,4176.4888
"Senegal","Africa",2011,0.2428,0.1318,4030.5542
"Senegal","Africa",2012,0.2515,0.1318,4063.9059
"Senegal","Africa",2013,0.2592,0.1318,4015.54
"Senegal","Africa",2014,0.2689,0.1318,4132.7629
"Senegal","Africa",2015,0.2778,0.1318,4266.8489
"Senegal","Africa",2016,0.2804,0.1318,4372.7128
"Senegal","Africa",2017,0.2841,0.1318,4550.0003
"Senegal","Africa",2018,0.2869,0.1318,4698.6238
"Senegal","Africa",2019,0.2905,0.1318,4716.6803
"Sierra Leone","Africa",2010,0.1997,0.1097,2218.4095
"Sierra Leone","Africa",2011,0.1995,0.1069,2155.7927
"Sierra Leone","Africa",2012,0.2086,0.1131,2503.4387
"Sierra Leone","Africa",2013,0.2225,0.1193,2833.8075
"Sierra Leone","Africa",2014,0.2209,0.1255,2938.0478
"Sierra Leone","Africa",2015,0.1962,0.1317,2345.7644
"Sierra Leone","Africa",2016,0.1964,0.1379,2461.987
"Sierra Leone","Africa",2017,0.1989,0.1441,2484.6882
"Sierra Leone","Africa",2018,0.2015,0.1502,2523.204
"Sierra Leone","Africa",2019,0.204,0.1502,2576.1158
"Somalia","Africa",2010,0.0962,0.1244,1525.3337
"Somalia","Africa",2011,0.0973,0.1244,1528.0611
"Somalia","Africa",2012,0.094,0.1244,1524.4371
"Somalia","Africa",2013,0.0915,0.1244,1517.1208
"Somalia","Africa",2014,0.0894,0.1244,1583.289
"Somalia","Africa",2015,0.0879,0.1244,1770.7211
"Somalia","Africa",2016,0.0861,0.1244,1857.5449
"Somalia","Africa",2017,0.0835,0.1244,1836.1438
"Somalia","Africa",2018,0.0816,0.1244,1911.8162
"Somalia","Africa",2019,0.0798,0.1244,1998.6918
"South Africa","Africa",2010,0.3371,0.18865,15838.1568
"South Africa","Africa",2011,0.3504,0.18745,16088.66055
"South Africa","Africa",2012,0.3637,0.1932,15852.8199
"South Africa","Africa",2013,0.3613,0.1932,15616.443
"South Africa","Africa",2014,0.3588,0.1932,15374.56695
"South Africa","Africa",2015,0.3564,0.19305,15322.65095
"South Africa","Africa",2016,0.358,0.193,14999.73175
"South Africa","Africa",2017,0.3596,0.19305,14885.88475
"South Africa","Africa",2018,0.362,0.19305,14836.8296
"South Africa","Africa",2019,0.363,0.1931,14497.44505
"South Sudan","Africa",2010,0.183,0.1439,1924.415
"South Sudan","Africa",2011,0.186,0.1458,1887.2594
"South Sudan","Africa",2012,0.192,0.1477,1793.4421
"South Sudan","Africa",2013,0.1936,0.1496,1553.1058
"South Sudan","Africa",2014,0.2007,0.1515,1330.5294
"South Sudan","Africa",2015,0.2141,0.1534,1126.8285
"South Sudan","Africa",2016,0.2294,0.1553,1031.3361
"South Sudan","Africa",2017,0.2393,0.1553,1000.5751
"South Sudan","Africa",2018,0.248,0.1553,993.1425
"South Sudan","Africa",2019,0.248,0.1553,1097.5064
"Sudan","Africa",2010,0.1303,0.1211,8053.1312
"Sudan","Africa",2011,0.126,0.1292,7760.4994
"Sudan","Africa",2012,0.1285,0.1373,6766.9792
"Sudan","Africa",2013,0.1281,0.1454,6618.9232
"Sudan","Africa",2014,0.1297,0.1536,6967.6812
"Sudan","Africa",2015,0.1316,0.1536,6845.1941
"Sudan","Africa",2016,0.1346,0.1536,6923.5843
"Sudan","Africa",2017,0.1382,0.1536,6765.2707
"Sudan","Africa",2018,0.143,0.1536,6211.8742
"Sudan","Africa",2019,0.1473,0.1536,5872.7575
"Swaziland","Africa",2010,0.375,0.1846,10437.1613
"Swaziland","Africa",2011,0.377,0.1861,10425.8527
"Swaziland","Africa",2012,0.3762,0.1875,10771.115
"Swaziland","Africa",2013,0.3769,0.1889,11333.0314
"Swaziland","Africa",2014,0.3773,0.1904,11236.4387
"Swaziland","Africa",2015,0.3757,0.1918,11410.3797
"Swaziland","Africa",2016,0.3767,0.1933,11050.1629
"Swaziland","Africa",2017,0.3758,0.1933,10893.7852
"Swaziland","Africa",2018,0.3742,0.1933,10958.8316
"Swaziland","Africa",2019,0.3737,0.1933,11037.0751
"Tanzania","Africa",2010,0.257,0.1634,2927.8998
"Tanzania","Africa",2011,0.2644,0.1641,3085.0803
"Tanzania","Africa",2012,0.2706,0.1493,3174.1119
"Tanzania","Africa",2013,0.2824,0.1346,3259.4144
"Tanzania","Africa",2014,0.2943,0.1198,3424.5063
"Tanzania","Africa",2015,0.2974,0.1404,3461.0099
"Tanzania","Africa",2016,0.3052,0.161,3553.6309
"Tanzania","Africa",2017,0.3123,0.1815,3597.7128
"Tanzania","Africa",2018,0.3207,0.1815,3683.5647
"Tanzania","Africa",2019,0.328,0.1815,3701.4125
"Togo","Africa",2010,0.2076,0.152,2498.6907
"Togo","Africa",2011,0.2042,0.1549,2767.069
"Togo","Africa",2012,0.207,0.1508,2693.6875
"Togo","Africa",2013,0.2095,0.1467,2791.7238
"Togo","Africa",2014,0.2085,0.1426,2886.5837
"Togo","Africa",2015,0.2081,0.1385,3037.7865
"Togo","Africa",2016,0.2134,0.1385,3027.9389
"Togo","Africa",2017,0.2156,0.1385,3034.3007
"Togo","Africa",2018,0.2193,0.1385,3106.9397
"Togo","Africa",2019,0.2226,0.1385,3167.7747
"Tunisia","Africa",2010,0.185,0.109,9956.1422
"Tunisia","Africa",2011,0.178,0.109,9546.3461
"Tunisia","Africa",2012,0.1865,0.1091,9843.4502
"Tunisia","Africa",2013,0.1918,0.1091,9918.929
"Tunisia","Africa",2014,0.1982,0.1091,10192.3519
"Tunisia","Africa",2015,0.2003,0.1091,10220.9196
"Tunisia","Africa",2016,0.1972,0.1091,10226.0317
"Tunisia","Africa",2017,0.1967,0.1091,10329.0258
"Tunisia","Africa",2018,0.1957,0.1091,10473.443
"Tunisia","Africa",2019,0.195,0.1091,10467.128
"Uganda","Africa",2010,0.2869,0.175,3629.141
"Uganda","Africa",2011,0.2883,0.1651,3697.9799
"Uganda","Africa",2012,0.2981,0.1553,3689.7631
"Uganda","Africa",2013,0.303,0.1591,3681.5199
"Uganda","Africa",2014,0.3057,0.1629,3740.4138
"Uganda","Africa",2015,0.3075,0.1667,3781.0864
"Uganda","Africa",2016,0.3143,0.1705,3728.5011
"Uganda","Africa",2017,0.3149,0.1705,3704.0852
"Uganda","Africa",2018,0.3194,0.1705,3768.5672
"Uganda","Africa",2019,0.325,0.1705,3769.5728
"Zambia","Africa",2010,0.234,0.2506,4623.196
"Zambia","Africa",2011,0.238,0.2468,4763.368
"Zambia","Africa",2012,0.2376,0.243,5060.4738
"Zambia","Africa",2013,0.2438,0.2392,4795.0049
"Zambia","Africa",2014,0.2503,0.2355,5135.7595
"Zambia","Africa",2015,0.2557,0.2317,5291.9144
"Zambia","Africa",2016,0.2639,0.2317,5280.9666
"Zambia","Africa",2017,0.2746,0.2317,5169.5683
"Zambia","Africa",2018,0.2723,0.2317,5352.5883
"Zambia","Africa",2019,0.2905,0.2317,5209.279
"Zimbabwe","Africa",2010,0.3194,0.1789,4023.2469
"Zimbabwe","Africa",2011,0.3231,0.1741,4526.6098
"Zimbabwe","Africa",2012,0.3303,0.1742,5246.4083
"Zimbabwe","Africa",2013,0.3309,0.1744,5177.597
"Zimbabwe","Africa",2014,0.3289,0.1745,5178.1951
"Zimbabwe","Africa",2015,0.3284,0.1746,5163.968
"Zimbabwe","Africa",2016,0.3273,0.1747,5092.1955
"Zimbabwe","Africa",2017,0.3219,0.1748,5280.2224
"Zimbabwe","Africa",2018,0.3168,0.1928,5632.7595
"Zimbabwe","Africa",2019,0.3025,0.2108,5125.6943
"Afghanistan","Asia",2010,0,0.1539,3389.5912
"Afghanistan","Asia",2011,0,0.1457,3245.994
"Afghanistan","Asia",2012,0,0.1406,3530.4132
"Afghanistan","Asia",2013,0,0.1433,3567.9823
"Afghanistan","Asia",2014,0.0057,0.145,3482.4322
"Afghanistan","Asia",2015,0.0138,0.1456,3405.4003
"Afghanistan","Asia",2016,0.0234,0.1488,3345.2192
"Afghanistan","Asia",2017,0.0337,0.1525,3316.3941
"Afghanistan","Asia",2018,0.0376,0.1525,3225.1774
"Afghanistan","Asia",2019,0.0419,0.1525,3237.301
"Bahrain","Asia",2010,0.1387,0.2292,39276.7178
"Bahrain","Asia",2011,0.1383,0.2333,36966.026
"Bahrain","Asia",2012,0.14,0.2375,43098.7834
"Bahrain","Asia",2013,0.1423,0.2418,44535.6939
"Bahrain","Asia",2014,0.1434,0.2462,45109.2946
"Bahrain","Asia",2015,0.1431,0.2507,44401.8925
"Bahrain","Asia",2016,0.14,0.2507,43922.1467
"Bahrain","Asia",2017,0.1357,0.2507,43105.7643
"Bahrain","Asia",2018,0.1319,0.2507,41818.9441
"Bahrain","Asia",2019,0.1288,0.2507,39637.0119
"Bangladesh","Asia",2010,0.062,0.1664,3671.9812
"Bangladesh","Asia",2011,0.0713,0.165,3829.1646
"Bangladesh","Asia",2012,0.0808,0.1655,3972.3997
"Bangladesh","Asia",2013,0.0906,0.1656,4107.9227
"Bangladesh","Asia",2014,0.1026,0.1648,4275.6729
"Bangladesh","Asia",2015,0.1153,0.1629,4487.653
"Bangladesh","Asia",2016,0.1289,0.1632,4716.4763
"Bangladesh","Asia",2017,0.1559,0.1633,4983.7075
"Bangladesh","Asia",2018,0.1629,0.1633,5293.2401
"Bangladesh","Asia",2019,0.1689,0.1633,5946.4101
"Bhutan","Asia",2010,0.2304,0.1729,9597.7034
"Bhutan","Asia",2011,0.1719,0.1744,9953.8984
"Bhutan","Asia",2012,0.1682,0.1775,10113.509
"Bhutan","Asia",2013,0.1496,0.1701,9667.1644
"Bhutan","Asia",2014,0.1495,0.1621,10243.3119
"Bhutan","Asia",2015,0.1647,0.1533,10596.1185
"Bhutan","Asia",2016,0.1675,0.1471,11034.0876
"Bhutan","Asia",2017,0.1707,0.1417,11244.5559
"Bhutan","Asia",2018,0.1729,0.1417,11295.3441
"Bhutan","Asia",2019,0.1755,0.1417,11721.1565
"Cambodia","Asia",2010,0.312,0.2812,3328.4581
"Cambodia","Asia",2011,0.3308,0.1983,3452.8549
"Cambodia","Asia",2012,0.3226,0.1884,3569.1485
"Cambodia","Asia",2013,0.3167,0.2119,3686.5682
"Cambodia","Asia",2014,0.3269,0.1865,3813.2386
"Cambodia","Asia",2015,0.3261,0.1861,3970.2462
"Cambodia","Asia",2016,0.3147,0.1864,4146.937
"Cambodia","Asia",2017,0.3307,0.1861,4338.3326
"Cambodia","Asia",2018,0.3316,0.1856,4554.9067
"Cambodia","Asia",2019,0.3308,0.1856,4787.3683
"China","Asia",2010,0.3452,0.152,9496.2957
"China","Asia",2011,0.3434,0.1467,10061.141
"China","Asia",2012,0.342,0.1383,10694.9001
"China","Asia",2013,0.3409,0.1389,11611.5223
"China","Asia",2014,0.3399,0.1374,12541.9793
"China","Asia",2015,0.3385,0.14,13222.028
"China","Asia",2016,0.3373,0.14,13997.4389
"China","Asia",2017,0.3363,0.14,14795.6142
"China","Asia",2018,0.3351,0.14,15551.6043
"China","Asia",2019,0.3341,0.14,16294.9809
"India","Asia",2010,0.1539,0.2164,4903.7648
"India","Asia",2011,0.1571,0.2154,5268.183
"India","Asia",2012,0.1628,0.217,5479.9386
"India","Asia",2013,0.1652,0.22,5585.7051
"India","Asia",2014,0.167,0.2173,5810.2249
"India","Asia",2015,0.1691,0.2173,6186.0575
"India","Asia",2016,0.1716,0.2173,6652.2298
"India","Asia",2017,0.175,0.2173,7006.1533
"India","Asia",2018,0.1788,0.2173,7323.1636
"India","Asia",2019,0.1833,0.2173,7513.8519
"Indonesia","Asia",2010,0.2372,0.1683,9163.515
"Indonesia","Asia",2011,0.2345,0.1802,9774.1976
"Indonesia","Asia",2012,0.2358,0.1792,10100.5597
"Indonesia","Asia",2013,0.2358,0.1747,10326.8872
"Indonesia","Asia",2014,0.2346,0.1751,10455.9319
"Indonesia","Asia",2015,0.2357,0.1852,10576.911
"Indonesia","Asia",2016,0.2414,0.1626,11225.5271
"Indonesia","Asia",2017,0.2432,0.1597,11469.1495
"Indonesia","Asia",2018,0.2453,0.1828,11808.992
"Indonesia","Asia",2019,0.2482,0.1828,12094.7752
"Iran","Asia",2010,0.1311,0.1725,13342.5962
"Iran","Asia",2011,0.134,0.1673,13487.3228
"Iran","Asia",2012,0.1377,0.1615,11801.7476
"Iran","Asia",2013,0.1391,0.155,11273.8604
"Iran","Asia",2014,0.14,0.1657,11506.9052
"Iran","Asia",2015,0.1414,0.1694,11203.2549
"Iran","Asia",2016,0.1492,0.165,12406.8934
"Iran","Asia",2017,0.1472,0.1729,13068.1133
"Iran","Asia",2018,0.1436,0.182,12268.3887
"Iran","Asia",2019,0.1462,0.182,11173.9033
"Iraq","Asia",2010,0.0701,0.218,12315.1343
"Iraq","Asia",2011,0.0673,0.2123,12443.4923
"Iraq","Asia",2012,0.0643,0.2072,13645.2984
"Iraq","Asia",2013,0.0698,0.2072,13971.3511
"Iraq","Asia",2014,0.0746,0.2072,13340.6592
"Iraq","Asia",2015,0.0827,0.2072,13584.1215
"Iraq","Asia",2016,0.0907,0.2072,14925.2921
"Iraq","Asia",2017,0.0586,0.2072,14101.2411
"Iraq","Asia",2018,0.0617,0.2072,13912.5704
"Iraq","Asia",2019,0.0642,0.2072,14416.4679
"Israel","Asia",2010,0.3559,0.2008,34928.6107
"Israel","Asia",2011,0.3684,0.1961,36099.9196
"Israel","Asia",2012,0.3672,0.1915,35886.8218
"Israel","Asia",2013,0.3718,0.1823,37724.3467
"Israel","Asia",2014,0.3706,0.1738,39141.1907
"Israel","Asia",2015,0.3766,0.1696,39231.5898
"Israel","Asia",2016,0.3635,0.1655,40364.2181
"Israel","Asia",2017,0.3823,0.1655,41935.8632
"Israel","Asia",2018,0.3764,0.1655,42847.9491
"Israel","Asia",2019,0.3767,0.1655,43477.8676
"Japan","Asia",2010,0.2541,0.1308,27073.3276
"Japan","Asia",2011,0.2591,0.1287,27801.5403
"Japan","Asia",2012,0.2641,0.1296,28358.5905
"Japan","Asia",2013,0.2691,0.1315,29150.3163
"Japan","Asia",2014,0.2704,0.1311,29407.2833
"Japan","Asia",2015,0.2723,0.1322,30021.9829
"Japan","Asia",2016,0.2744,0.1315,30166.0487
"Japan","Asia",2017,0.2769,0.1311,30777.3927
"Japan","Asia",2018,0.2803,0.1311,31014.3734
"Japan","Asia",2019,0.2823,0.1311,31020.1094
"Jordan","Asia",2010,0.1028,0.2318,15819.2163
"Jordan","Asia",2011,0.1066,0.2141,15199.5025
"Jordan","Asia",2012,0.1074,0.1952,14553.6105
"Jordan","Asia",2013,0.0986,0.1751,14312.8689
"Jordan","Asia",2014,0.101,0.1751,14016.5904
"Jordan","Asia",2015,0.1004,0.1751,13642.2666
"Jordan","Asia",2016,0.1023,0.1751,13158.8263
"Jordan","Asia",2017,0.1048,0.1751,13024.7547
"Jordan","Asia",2018,0.1075,0.1751,12885.3008
"Jordan","Asia",2019,0.1105,0.1751,12408.2215
"Kazakhstan","Asia",2010,0.3597,0.1571,17555.2838
"Kazakhstan","Asia",2011,0.3625,0.142,18457.0251
"Kazakhstan","Asia",2012,0.3644,0.144,19399.0189
"Kazakhstan","Asia",2013,0.3696,0.1465,20995.9669
"Kazakhstan","Asia",2014,0.3697,0.1419,21619.0854
"Kazakhstan","Asia",2015,0.3697,0.1291,22588.1511
"Kazakhstan","Asia",2016,0.3669,0.1513,22124.0896
"Kazakhstan","Asia",2017,0.3637,0.1532,22522.4254
"Kazakhstan","Asia",2018,0.3635,0.154,22835.4028
"Kazakhstan","Asia",2019,0.3639,0.154,23598.6447
"Kuwait","Asia",2010,0.1795,0.2015,65132.0376
"Kuwait","Asia",2011,0.1819,0.1993,66087.1378
"Kuwait","Asia",2012,0.1778,0.1967,66399.239
"Kuwait","Asia",2013,0.1765,0.1938,64526.2402
"Kuwait","Asia",2014,0.175,0.1938,62361.1115
"Kuwait","Asia",2015,0.1737,0.1938,61086.0781
"Kuwait","Asia",2016,0.1698,0.1938,62897.9882
"Kuwait","Asia",2017,0.1652,0.1938,58570.4719
"Kuwait","Asia",2018,0.1607,0.1938,57705.8301
"Kuwait","Asia",2019,0.1563,0.1938,56227.559
"Kyrgyzstan","Asia",2010,0.3204,0.1432,4492.9645
"Kyrgyzstan","Asia",2011,0.3171,0.1322,4515.1786
"Kyrgyzstan","Asia",2012,0.3168,0.129,4732.7306
"Kyrgyzstan","Asia",2013,0.3099,0.1257,4778.181
"Kyrgyzstan","Asia",2014,0.3178,0.1248,4820.5237
"Kyrgyzstan","Asia",2015,0.3158,0.1471,4876.0999
"Kyrgyzstan","Asia",2016,0.3102,0.1241,5268.9508
"Kyrgyzstan","Asia",2017,0.3034,0.1437,5419.4388
"Kyrgyzstan","Asia",2018,0.2977,0.1449,5633.3009
"Kyrgyzstan","Asia",2019,0.2965,0.1843,5802.0296
"Lebanon","Asia",2010,0.1985,0.2069,21915.2984
"Lebanon","Asia",2011,0.2015,0.2112,21220.3888
"Lebanon","Asia",2012,0.2037,0.2144,20470.5028
"Lebanon","Asia",2013,0.2055,0.2083,19892.7327
"Lebanon","Asia",2014,0.207,0.2104,19141.9519
"Lebanon","Asia",2015,0.2088,0.2104,18520.3161
"Lebanon","Asia",2016,0.2109,0.2104,18078.1791
"Lebanon","Asia",2017,0.2127,0.2104,18029.2176
"Lebanon","Asia",2018,0.2149,0.2104,17196.213
"Lebanon","Asia",2019,0.2171,0.2104,15804.5644
"Malaysia","Asia",2010,0.2577,0.1752,20283.0891
"Malaysia","Asia",2011,0.2606,0.1699,21632.7095
"Malaysia","Asia",2012,0.2634,0.1646,21634.3665
"Malaysia","Asia",2013,0.2695,0.1566,22169.5214
"Malaysia","Asia",2014,0.2722,0.1487,23066.2531
"Malaysia","Asia",2015,0.272,0.1487,23872.8368
"Malaysia","Asia",2016,0.2734,0.1487,24372.9716
"Malaysia","Asia",2017,0.2768,0.1487,25107.7684
"Malaysia","Asia",2018,0.2756,0.1487,25836.5644
"Malaysia","Asia",2019,0.2754,0.1487,26303.6046
"Maldives","Asia",2010,0.2017,0.1836,14974.8753
"Maldives","Asia",2011,0.1889,0.1737,15575.5741
"Maldives","Asia",2012,0.1757,0.1658,15055.2587
"Maldives","Asia",2013,0.1616,0.1578,14765.4787
"Maldives","Asia",2014,0.1488,0.1492,15096.7037
"Maldives","Asia",2015,0.1409,0.1394,14771.8764
"Maldives","Asia",2016,0.1324,0.1324,14894.311
"Maldives","Asia",2017,0.1232,0.1326,15215.8715
"Maldives","Asia",2018,0.1139,0.1326,15547.377
"Maldives","Asia",2019,0.1064,0.1326,16152.8176
"Mongolia","Asia",2010,0.3796,0.1682,7726.4802
"Mongolia","Asia",2011,0.3652,0.1749,8560.3014
"Mongolia","Asia",2012,0.3612,0.1784,9615.7268
"Mongolia","Asia",2013,0.3591,0.1742,10792.1419
"Mongolia","Asia",2014,0.3639,0.1813,11150.8779
"Mongolia","Asia",2015,0.3591,0.1728,11079.5366
"Mongolia","Asia",2016,0.363,0.172,10965.4211
"Mongolia","Asia",2017,0.3682,0.1695,10594.9865
"Mongolia","Asia",2018,0.3506,0.1694,11742.9034
"Mongolia","Asia",2019,0.3576,0.1654,12187.9904
"Nepal","Asia",2010,0.1683,0.1486,3950.4881
"Nepal","Asia",2011,0.1769,0.1457,4086.1235
"Nepal","Asia",2012,0.1875,0.1451,4232.0936
"Nepal","Asia",2013,0.1993,0.1442,4452.0637
"Nepal","Asia",2014,0.2108,0.1423,4663.0128
"Nepal","Asia",2015,0.2223,0.1392,4710.4932
"Nepal","Asia",2016,0.2288,0.1387,4764.515
"Nepal","Asia",2017,0.2305,0.1389,4966.6097
"Nepal","Asia",2018,0.2319,0.1389,5106.842
"Nepal","Asia",2019,0.2319,0.1389,5077.9906
"Oman","Asia",2010,0.0916,0.1957,36967.0778
"Oman","Asia",2011,0.0847,0.1957,35030.6045
"Oman","Asia",2012,0.0778,0.1957,34744.5827
"Oman","Asia",2013,0.0718,0.1957,33839.9064
"Oman","Asia",2014,0.0674,0.1957,30453.5499
"Oman","Asia",2015,0.0641,0.1957,30255.1003
"Oman","Asia",2016,0.0622,0.1957,29934.1203
"Oman","Asia",2017,0.0727,0.1957,28836.6442
"Oman","Asia",2018,0.0871,0.1957,27627.2311
"Oman","Asia",2019,0.0861,0.1957,26338.0145
"Pakistan","Asia",2010,0.0589,0.1673,5539.3043
"Pakistan","Asia",2011,0.0628,0.171,5604.7556
"Pakistan","Asia",2012,0.0668,0.1689,5648.716
"Pakistan","Asia",2013,0.0703,0.1666,5737.5655
"Pakistan","Asia",2014,0.0804,0.1711,5849.7269
"Pakistan","Asia",2015,0.0741,0.1744,5962.4505
"Pakistan","Asia",2016,0.0697,0.172,6116.6071
"Pakistan","Asia",2017,0.0706,0.1701,6300.5565
"Pakistan","Asia",2018,0.0714,0.1682,6327.5102
"Pakistan","Asia",2019,0.0741,0.1682,6301.875
"Philippines","Asia",2010,0.2776,0.1817,7236.4043
"Philippines","Asia",2011,0.2761,0.1798,7405.7075
"Philippines","Asia",2012,0.2736,0.1782,7713.5286
"Philippines","Asia",2013,0.275,0.1778,8055.8741
"Philippines","Asia",2014,0.2774,0.1759,8351.9571
"Philippines","Asia",2015,0.2797,0.1747,8774.2705
"Philippines","Asia",2016,0.2724,0.1736,9216.9098
"Philippines","Asia",2017,0.2657,0.1714,9644.478
"Philippines","Asia",2018,0.2679,0.1688,10020.8342
"Philippines","Asia",2019,0.2732,0.1688,10380.3916
"Qatar","Asia",2010,0.0553,0.2302,67064.3105
"Qatar","Asia",2011,0.0583,0.2331,72669.1213
"Qatar","Asia",2012,0.0611,0.2361,72121.3731
"Qatar","Asia",2013,0.0665,0.2361,72807.8053
"Qatar","Asia",2014,0.0706,0.2361,73196.942
"Qatar","Asia",2015,0.0741,0.2361,75641.6871
"Qatar","Asia",2016,0.0745,0.2361,76647.736
"Qatar","Asia",2017,0.0748,0.2361,73850.0213
"Qatar","Asia",2018,0.0774,0.2361,71886.1572
"Qatar","Asia",2019,0.0803,0.2361,70575.0165
"Russian Federation","Asia",2010,0.4085,0.1971,20227.1926
"Russian Federation","Asia",2011,0.4168,0.2109,21785.7172
"Russian Federation","Asia",2012,0.4132,0.1953,22476.8546
"Russian Federation","Asia",2013,0.4097,0.2063,22436.3877
"Russian Federation","Asia",2014,0.3988,0.1985,22624.8858
"Russian Federation","Asia",2015,0.4037,0.1952,21911.7534
"Russian Federation","Asia",2016,0.3992,0.2035,20967.1883
"Russian Federation","Asia",2017,0.4077,0.2085,21327.8751
"Russian Federation","Asia",2018,0.397,0.2129,22282.826
"Russian Federation","Asia",2019,0.3984,0.2097,22705.3825
"Saudi Arabia","Asia",2010,0.0682,0.2086,60096.5784
"Saudi Arabia","Asia",2011,0.0712,0.209,63168.1912
"Saudi Arabia","Asia",2012,0.0692,0.2094,62872.8146
"Saudi Arabia","Asia",2013,0.0669,0.209,61018.8485
"Saudi Arabia","Asia",2014,0.0668,0.2111,60384.4142
"Saudi Arabia","Asia",2015,0.0717,0.2115,58413.3826
"Saudi Arabia","Asia",2016,0.076,0.2109,57832.883
"Saudi Arabia","Asia",2017,0.0743,0.2103,55807.5948
"Saudi Arabia","Asia",2018,0.0684,0.2098,56195.0236
"Saudi Arabia","Asia",2019,0.0672,0.2098,54127.3417
"Singapore","Asia",2010,0.3022,0.1359,68156.5805
"Singapore","Asia",2011,0.3037,0.1404,68631.9733
"Singapore","Asia",2012,0.3056,0.1376,68618.7679
"Singapore","Asia",2013,0.3066,0.1376,68623.7199
"Singapore","Asia",2014,0.3106,0.1421,71246.1995
"Singapore","Asia",2015,0.314,0.1421,68016.1867
"Singapore","Asia",2016,0.3144,0.1421,68727.9728
"Singapore","Asia",2017,0.3144,0.1421,69419.6033
"Singapore","Asia",2018,0.3149,0.1421,67028.9125
"Singapore","Asia",2019,0.3143,0.1421,66302.4442
"Sri Lanka","Asia",2010,0.2161,0.1987,9766.2728
"Sri Lanka","Asia",2011,0.2157,0.2032,10447.9102
"Sri Lanka","Asia",2012,0.2158,0.2081,11167.2439
"Sri Lanka","Asia",2013,0.2237,0.2081,11336.5282
"Sri Lanka","Asia",2014,0.2228,0.2075,11742.9801
"Sri Lanka","Asia",2015,0.2291,0.2062,12257.0933
"Sri Lanka","Asia",2016,0.227,0.2064,12683.986
"Sri Lanka","Asia",2017,0.234,0.2064,12988.0799
"Sri Lanka","Asia",2018,0.2288,0.2064,13330.4884
"Sri Lanka","Asia",2019,0.2331,0.2064,13529.7686
"Tajikistan","Asia",2010,0.2328,0.1483,3649.838
"Tajikistan","Asia",2011,0.2392,0.144,3884.4527
"Tajikistan","Asia",2012,0.2444,0.1446,4149.8778
"Tajikistan","Asia",2013,0.2495,0.1432,4335.0743
"Tajikistan","Asia",2014,0.2558,0.1378,4489.8854
"Tajikistan","Asia",2015,0.2616,0.1326,4555.6346
"Tajikistan","Asia",2016,0.267,0.145,4811.2853
"Tajikistan","Asia",2017,0.2659,0.1484,5152.3857
"Tajikistan","Asia",2018,0.2627,0.149,5343.3194
"Tajikistan","Asia",2019,0.2619,0.149,5570.4363
"Thailand","Asia",2010,0.3347,0.2266,11852.0519
"Thailand","Asia",2011,0.3421,0.2192,12053.7615
"Thailand","Asia",2012,0.3408,0.2163,12344.9624
"Thailand","Asia",2013,0.3362,0.2015,12293.6714
"Thailand","Asia",2014,0.337,0.2045,12386.7398
"Thailand","Asia",2015,0.338,0.1919,12681.7988
"Thailand","Asia",2016,0.3397,0.1933,12948.1006
"Thailand","Asia",2017,0.341,0.1879,13313.015
"Thailand","Asia",2018,0.3407,0.1779,13854.6171
"Thailand","Asia",2019,0.3424,0.1776,14063.8789
"Turkey","Asia",2010,0.1779,0.1951,20077.3918
"Turkey","Asia",2011,0.1829,0.1881,22152.6554
"Turkey","Asia",2012,0.1931,0.1942,22701.5013
"Turkey","Asia",2013,0.2011,0.1847,24244.1028
"Turkey","Asia",2014,0.2053,0.2041,24841.2388
"Turkey","Asia",2015,0.2115,0.2104,25668.8072
"Turkey","Asia",2016,0.218,0.2319,27362.7851
"Turkey","Asia",2017,0.2218,0.198,28544.2409
"Turkey","Asia",2018,0.2279,0.2007,27173.2212
"Turkey","Asia",2019,0.2326,0.1884,26513.6383
"Turkmenistan","Asia",2010,0.2685,0.1971,9527.7385
"Turkmenistan","Asia",2011,0.2673,0.1946,10646.3503
"Turkmenistan","Asia",2012,0.2675,0.1953,11515.2985
"Turkmenistan","Asia",2013,0.2686,0.1946,12382.1203
"Turkmenistan","Asia",2014,0.2699,0.1914,13359.8325
"Turkmenistan","Asia",2015,0.2719,0.1883,13887.2033
"Turkmenistan","Asia",2016,0.2731,0.1961,14491.9244
"Turkmenistan","Asia",2017,0.2746,0.1984,15171.7894
"Turkmenistan","Asia",2018,0.2765,0.1987,15851.4137
"Turkmenistan","Asia",2019,0.2783,0.1987,16622.7511
"United Arab Emirates","Asia",2010,0.0502,0.1735,49824.4363
"United Arab Emirates","Asia",2011,0.0551,0.1703,51253.8872
"United Arab Emirates","Asia",2012,0.0624,0.1672,52528.0886
"United Arab Emirates","Asia",2013,0.0715,0.1642,55375.8349
"United Arab Emirates","Asia",2014,0.0811,0.1681,57663.2751
"United Arab Emirates","Asia",2015,0.0891,0.1655,59915.1567
"United Arab Emirates","Asia",2016,0.0951,0.163,61471.8352
"United Arab Emirates","Asia",2017,0.0996,0.1606,62473.5531
"United Arab Emirates","Asia",2018,0.1034,0.1583,62150.7696
"United Arab Emirates","Asia",2019,0.1046,0.1583,62287.5259
"Uzbekistan","Asia",2010,0.2879,0.1685,5153.1873
"Uzbekistan","Asia",2011,0.2925,0.1685,5378.0939
"Uzbekistan","Asia",2012,0.2922,0.1685,5583.8714
"Uzbekistan","Asia",2013,0.2923,0.1685,5816.5235
"Uzbekistan","Asia",2014,0.2921,0.1685,6159.1143
"Uzbekistan","Asia",2015,0.2924,0.1685,6471.2736
"Uzbekistan","Asia",2016,0.2931,0.1651,6640.0923
"Uzbekistan","Asia",2017,0.2933,0.1692,6841.5038
"Uzbekistan","Asia",2018,0.2936,0.1692,7155.2865
"Uzbekistan","Asia",2019,0.2948,0.1692,7438.2564
"Vietnam","Asia",2010,0.3609,0.2014,5026.9156
"Vietnam","Asia",2011,0.3612,0.1852,5260.7908
"Vietnam","Asia",2012,0.3767,0.1696,5388.5547
"Vietnam","Asia",2013,0.3922,0.167,5533.2813
"Vietnam","Asia",2014,0.3989,0.1659,5720.2427
"Vietnam","Asia",2015,0.4034,0.1674,5891.2262
"Vietnam","Asia",2016,0.4034,0.1695,6109.014
"Vietnam","Asia",2017,0.4094,0.1655,6383.7633
"Vietnam","Asia",2018,0.4178,0.1616,6855.855
"Vietnam","Asia",2019,0.419,0.1616,7262.6215
"Yemen","Asia",2010,0.026,0.2727,3399.9998
"Yemen","Asia",2011,0.0203,0.2668,2852.6239
"Yemen","Asia",2012,0.0136,0.2606,2854.3235
"Yemen","Asia",2013,0.0073,0.254,2877.5335
"Yemen","Asia",2014,0.0025,0.2471,2760.0091
"Yemen","Asia",2015,0.0054,0.2471,1978.8705
"Yemen","Asia",2016,0.0062,0.2471,1738.0508
"Yemen","Asia",2017,0.0079,0.2471,1602.8746
"Yemen","Asia",2018,0.0096,0.2471,1567.8403
"Yemen","Asia",2019,0.0103,0.2471,1522.046
"Albania","Europe",2010,0.3222,0.0795,10402.7253
"Albania","Europe",2011,0.3545,0.0822,10686.901
"Albania","Europe",2012,0.3378,0.0795,10611.5838
"Albania","Europe",2013,0.3476,0.0859,10887.5101
"Albania","Europe",2014,0.3604,0.0918,10836.7068
"Albania","Europe",2015,0.3739,0.09,10978.4081
"Albania","Europe",2016,0.3885,0.0884,11354.0563
"Albania","Europe",2017,0.3837,0.0912,11528.9291
"Albania","Europe",2018,0.3908,0.0908,11875.7821
"Albania","Europe",2019,0.3944,0.09,12044.7125
"Armenia","Europe",2010,0.3554,0.1511,9124.312
"Armenia","Europe",2011,0.3838,0.1357,9410.0707
"Armenia","Europe",2012,0.3827,0.1386,10002.8695
"Armenia","Europe",2013,0.376,0.1416,10469.2324
"Armenia","Europe",2014,0.3962,0.1455,10571.3787
"Armenia","Europe",2015,0.4065,0.1537,10658.0564
"Armenia","Europe",2016,0.4112,0.1689,10407.8792
"Armenia","Europe",2017,0.4135,0.1911,11368.953
"Armenia","Europe",2018,0.3993,0.1785,11683.108
"Armenia","Europe",2019,0.4015,0.1539,12594.7762
"Austria","Europe",2010,0.3509,0.1137,42137.1538
"Austria","Europe",2011,0.3399,0.1111,42845.3218
"Austria","Europe",2012,0.3428,0.0827,42482.2039
"Austria","Europe",2013,0.3493,0.0896,42027.82
"Austria","Europe",2014,0.3421,0.111,41796.9219
"Austria","Europe",2015,0.3447,0.1016,41259.0552
"Austria","Europe",2016,0.3437,0.1108,42160.3178
"Austria","Europe",2017,0.3503,0.0988,42240.743
"Austria","Europe",2018,0.3502,0.0992,42965.589
"Austria","Europe",2019,0.3501,0.1012,43557.5667
"Azerbaijan","Europe",2010,0.3871,0.1412,14220.8276
"Azerbaijan","Europe",2011,0.3909,0.1455,13908.7742
"Azerbaijan","Europe",2012,0.3789,0.1505,14096.186
"Azerbaijan","Europe",2013,0.3788,0.1468,14749.5597
"Azerbaijan","Europe",2014,0.3767,0.1468,15012.7063
"Azerbaijan","Europe",2015,0.3727,0.1424,14728.6364
"Azerbaijan","Europe",2016,0.3733,0.1358,13677.9754
"Azerbaijan","Europe",2017,0.3719,0.1431,13918.1448
"Azerbaijan","Europe",2018,0.3693,0.1431,13754.9939
"Azerbaijan","Europe",2019,0.3682,0.1431,13884.8985
"Belarus","Europe",2010,0.433,0.1027,13300.2821
"Belarus","Europe",2011,0.4333,0.1295,13955.7684
"Belarus","Europe",2012,0.4335,0.1206,14114.8125
"Belarus","Europe",2013,0.4334,0.1055,13984.3823
"Belarus","Europe",2014,0.4333,0.1086,14361.4538
"Belarus","Europe",2015,0.4335,0.0926,13455.9908
"Belarus","Europe",2016,0.4337,0.0979,12988.338
"Belarus","Europe",2017,0.4345,0.104,13550.4342
"Belarus","Europe",2018,0.4288,0.102,14125.6086
"Belarus","Europe",2019,0.4279,0.0986,14450.543
"Belgium","Europe",2010,0.3998,0.0763,39821.7543
"Belgium","Europe",2011,0.3987,0.0794,39443.2004
"Belgium","Europe",2012,0.3987,0.0817,40347.3157
"Belgium","Europe",2013,0.4022,0.082,40402.5838
"Belgium","Europe",2014,0.3995,0.0835,40729.1427
"Belgium","Europe",2015,0.4003,0.0848,41048.5942
"Belgium","Europe",2016,0.4029,0.0863,41010.2526
"Belgium","Europe",2017,0.407,0.085,41496.8177
"Belgium","Europe",2018,0.4113,0.086,41935.5026
"Belgium","Europe",2019,0.4122,0.0863,42159.1935
"Bosnia and Herzegovina","Europe",2010,0.3228,0.0872,9888.9963
"Bosnia and Herzegovina","Europe",2011,0.3302,0.0897,9982.4443
"Bosnia and Herzegovina","Europe",2012,0.3278,0.0891,9998.835
"Bosnia and Herzegovina","Europe",2013,0.3367,0.0892,10474.2706
"Bosnia and Herzegovina","Europe",2014,0.3355,0.0892,10692.5644
"Bosnia and Herzegovina","Europe",2015,0.3375,0.0898,11192.1602
"Bosnia and Herzegovina","Europe",2016,0.3246,0.0896,11529.8717
"Bosnia and Herzegovina","Europe",2017,0.3382,0.0911,11800.7433
"Bosnia and Herzegovina","Europe",2018,0.3387,0.0905,12304.3836
"Bosnia and Herzegovina","Europe",2019,0.3423,0.0896,12651.3547
"Bulgaria","Europe",2010,0.4331,0.1149,14102.2268
"Bulgaria","Europe",2011,0.4222,0.1207,14415.884
"Bulgaria","Europe",2012,0.4308,0.1352,14918.7546
"Bulgaria","Europe",2013,0.4237,0.1221,14726.5036
"Bulgaria","Europe",2014,0.421,0.1342,15090.1343
"Bulgaria","Europe",2015,0.4355,0.137,15348.0367
"Bulgaria","Europe",2016,0.4306,0.1617,15836.2092
"Bulgaria","Europe",2017,0.4308,0.1881,16561.6088
"Bulgaria","Europe",2018,0.4289,0.1822,17060.2659
"Bulgaria","Europe",2019,0.4264,0.1824,17935.39
"Croatia","Europe",2010,0.4264,0.0921,18916.9207
"Croatia","Europe",2011,0.4197,0.1015,19103.8937
"Croatia","Europe",2012,0.4291,0.0986,18752.9648
"Croatia","Europe",2013,0.4167,0.1063,19131.8352
"Croatia","Europe",2014,0.4179,0.1078,19063.3774
"Croatia","Europe",2015,0.421,0.1126,20022.4907
"Croatia","Europe",2016,0.4147,0.1018,20225.7098
"Croatia","Europe",2017,0.409,0.1053,21397.6052
"Croatia","Europe",2018,0.4095,0.1039,22170.515
"Croatia","Europe",2019,0.4099,0.102,23012.8279
"Cyprus","Europe",2010,0.3735,0.0877,34377.1587
"Cyprus","Europe",2011,0.3797,0.1122,35114.2117
"Cyprus","Europe",2012,0.3966,0.1163,31772.3953
"Cyprus","Europe",2013,0.4132,0.1576,29162.8258
"Cyprus","Europe",2014,0.4065,0.1156,28601.1325
"Cyprus","Europe",2015,0.3997,0.1109,30004.7496
"Cyprus","Europe",2016,0.4054,0.1057,30881.7947
"Cyprus","Europe",2017,0.3867,0.0972,33189.6912
"Cyprus","Europe",2018,0.3917,0.1173,34930.9651
"Cyprus","Europe",2019,0.388,0.1148,35503.2564
"Czech Republic","Europe",2010,0.3592,0.1073,23054.8844
"Czech Republic","Europe",2011,0.366,0.1031,23270.9776
"Czech Republic","Europe",2012,0.3657,0.1114,23422.1485
"Czech Republic","Europe",2013,0.3619,0.1041,23327.4768
"Czech Republic","Europe",2014,0.3698,0.1061,23713.8494
"Czech Republic","Europe",2015,0.3672,0.1122,25151.2599
"Czech Republic","Europe",2016,0.3725,0.1077,25837.9448
"Czech Republic","Europe",2017,0.3744,0.1073,27791.4116
"Czech Republic","Europe",2018,0.3754,0.102,28762.9769
"Czech Republic","Europe",2019,0.3758,0.1002,29393.2237
"Denmark","Europe",2010,0.4207,0.1142,44049.719
"Denmark","Europe",2011,0.4192,0.1146,44165.0444
"Denmark","Europe",2012,0.4178,0.1176,43927.8855
"Denmark","Europe",2013,0.4163,0.1221,44631.9863
"Denmark","Europe",2014,0.4159,0.1291,45737.7154
"Denmark","Europe",2015,0.4155,0.1273,45858.0567
"Denmark","Europe",2016,0.415,0.1277,46776.3741
"Denmark","Europe",2017,0.4147,0.1251,47755.4971
"Denmark","Europe",2018,0.4132,0.1237,48696.4075
"Denmark","Europe",2019,0.4127,0.1272,48766.134
"Estonia","Europe",2010,0.4319,0.1096,19741.6829
"Estonia","Europe",2011,0.4175,0.1261,21592.7926
"Estonia","Europe",2012,0.4086,0.1409,22530.1825
"Estonia","Europe",2013,0.4186,0.1282,23285.927
"Estonia","Europe",2014,0.4313,0.13,24045.0716
"Estonia","Europe",2015,0.4208,0.1114,24556.6605
"Estonia","Europe",2016,0.4357,0.123,25409.4395
"Estonia","Europe",2017,0.4348,0.1274,26899.8737
"Estonia","Europe",2018,0.448,0.1302,28233.5097
"Estonia","Europe",2019,0.4481,0.1165,29116.4975
"Finland","Europe",2010,0.4331,0.0962,37786.7272
"Finland","Europe",2011,0.4335,0.0924,38242.1843
"Finland","Europe",2012,0.4323,0.0876,37208.1331
"Finland","Europe",2013,0.4351,0.086,36647.3328
"Finland","Europe",2014,0.439,0.0901,36568.9728
"Finland","Europe",2015,0.4374,0.0956,36515.6746
"Finland","Europe",2016,0.4386,0.0968,37265.107
"Finland","Europe",2017,0.4347,0.1061,38143.2736
"Finland","Europe",2018,0.4347,0.1049,38437.6666
"Finland","Europe",2019,0.4367,0.1028,38200.2475
"Georgia","Europe",2010,0.3751,0.1816,7807.5869
"Georgia","Europe",2011,0.3682,0.2345,8374.5108
"Georgia","Europe",2012,0.3613,0.1965,9039.119
"Georgia","Europe",2013,0.3543,0.1992,9358.4422
"Georgia","Europe",2014,0.3675,0.2173,9838.6982
"Georgia","Europe",2015,0.3807,0.206,9919.203
"Georgia","Europe",2016,0.3939,0.2375,9952.4835
"Georgia","Europe",2017,0.375,0.2473,10489.2084
"Georgia","Europe",2018,0.3939,0.2204,11211.056
"Georgia","Europe",2019,0.4026,0.2111,11892.7668
"Germany","Europe",2010,0.3421,0.1286,37087.5377
"Germany","Europe",2011,0.3444,0.1279,37979.2065
"Germany","Europe",2012,0.3506,0.1258,38142.9083
"Germany","Europe",2013,0.3484,0.131,38167.454
"Germany","Europe",2014,0.3586,0.1325,38801.8225
"Germany","Europe",2015,0.3609,0.1326,39314.9905
"Germany","Europe",2016,0.3609,0.1325,40125.6679
"Germany","Europe",2017,0.3629,0.1317,40967.3857
"Germany","Europe",2018,0.3606,0.1294,41288.9633
"Germany","Europe",2019,0.3599,0.1287,41086.867
"Greece","Europe",2010,0.3371,0.0881,27831.2327
"Greece","Europe",2011,0.3313,0.0728,24135.7542
"Greece","Europe",2012,0.3433,0.0785,22970.3511
"Greece","Europe",2013,0.3487,0.0994,22215.5717
"Greece","Europe",2014,0.356,0.125,22721.3988
"Greece","Europe",2015,0.36,0.1222,22815.6623
"Greece","Europe",2016,0.3648,0.1162,22653.8567
"Greece","Europe",2017,0.3624,0.1093,23086.0992
"Greece","Europe",2018,0.369,0.1092,23423.1382
"Greece","Europe",2019,0.374,0.1074,23646.8462
"Hungary","Europe",2010,0.4302,0.1143,16432.9605
"Hungary","Europe",2011,0.4281,0.1094,16430.8393
"Hungary","Europe",2012,0.4239,0.1025,15940.8193
"Hungary","Europe",2013,0.4257,0.1157,16835.9069
"Hungary","Europe",2014,0.4316,0.1159,18067.0257
"Hungary","Europe",2015,0.4233,0.1171,19074.5242
"Hungary","Europe",2016,0.4305,0.1203,20153.9327
"Hungary","Europe",2017,0.4262,0.1191,20769.1859
"Hungary","Europe",2018,0.4216,0.1199,22108.0993
"Hungary","Europe",2019,0.4209,0.1239,23322.2882
"Iceland","Europe",2010,0.3942,0.0555,35246.046
"Iceland","Europe",2011,0.3891,0.0583,37669.3146
"Iceland","Europe",2012,0.3827,0.063,39119.2707
"Iceland","Europe",2013,0.3904,0.0825,45241.0153
"Iceland","Europe",2014,0.3848,0.084,45626.9916
"Iceland","Europe",2015,0.3954,0.0829,48226.13
"Iceland","Europe",2016,0.4015,0.0837,51740.5392
"Iceland","Europe",2017,0.4026,0.0879,52062.669
"Iceland","Europe",2018,0.4031,0.0878,54245.7977
"Iceland","Europe",2019,0.4042,0.0878,54236.6767
"Ireland","Europe",2010,0.4075,0.0992,38692.9054
"Ireland","Europe",2011,0.418,0.0987,36850.4602
"Ireland","Europe",2012,0.4066,0.0928,37112.8163
"Ireland","Europe",2013,0.3987,0.1,35608.0001
"Ireland","Europe",2014,0.394,0.1022,38151.8016
"Ireland","Europe",2015,0.3899,0.1164,38395.9347
"Ireland","Europe",2016,0.3932,0.1204,39364.3173
"Ireland","Europe",2017,0.3819,0.1164,41271.596
"Ireland","Europe",2018,0.3893,0.1197,43139.3153
"Ireland","Europe",2019,0.3886,0.1179,41800.1543
"Italy","Europe",2010,0.3662,0.0803,32054.6105
"Italy","Europe",2011,0.3637,0.0821,31850.0048
"Italy","Europe",2012,0.3611,0.0809,30397.4874
"Italy","Europe",2013,0.3585,0.0791,29601.6067
"Italy","Europe",2014,0.3559,0.0799,29602.7931
"Italy","Europe",2015,0.3576,0.078,29501.5149
"Italy","Europe",2016,0.3593,0.0888,30185.7631
"Italy","Europe",2017,0.3612,0.0921,30746.1908
"Italy","Europe",2018,0.3608,0.0913,31200.9182
"Italy","Europe",2019,0.361,0.0891,31013.8932
"Latvia","Europe",2010,0.4707,0.097,15356.5324
"Latvia","Europe",2011,0.4695,0.1207,15834.8326
"Latvia","Europe",2012,0.4562,0.1204,16871.1252
"Latvia","Europe",2013,0.4586,0.1211,17576.3207
"Latvia","Europe",2014,0.4512,0.1046,18192.4312
"Latvia","Europe",2015,0.4494,0.0989,19136.41
"Latvia","Europe",2016,0.4508,0.0838,20078.1873
"Latvia","Europe",2017,0.4411,0.0976,21238.201
"Latvia","Europe",2018,0.4386,0.0969,22320.5771
"Latvia","Europe",2019,0.4386,0.0907,23307.7041
"Lithuania","Europe",2010,0.4996,0.0924,19927.9181
"Lithuania","Europe",2011,0.4805,0.0965,21002.3699
"Lithuania","Europe",2012,0.4534,0.1139,21941.8396
"Lithuania","Europe",2013,0.437,0.1187,23135.2157
"Lithuania","Europe",2014,0.4371,0.1452,24472.9544
"Lithuania","Europe",2015,0.4444,0.1087,24496.0079
"Lithuania","Europe",2016,0.4486,0.1082,25381.7391
"Lithuania","Europe",2017,0.4393,0.1202,26973.7021
"Lithuania","Europe",2018,0.4282,0.1133,28720.5211
"Lithuania","Europe",2019,0.431,0.109,30453.508
"Luxembourg","Europe",2010,0.3459,0.1391,142835.1798
"Luxembourg","Europe",2011,0.353,0.1273,129400.5073
"Luxembourg","Europe",2012,0.3569,0.114,130264.4957
"Luxembourg","Europe",2013,0.3785,0.1063,110921.6916
"Luxembourg","Europe",2014,0.3983,0.1001,109764.9182
"Luxembourg","Europe",2015,0.3772,0.0974,105020.9912
"Luxembourg","Europe",2016,0.3734,0.1009,102052.4347
"Luxembourg","Europe",2017,0.3735,0.1068,102724.4532
"Luxembourg","Europe",2018,0.3934,0.1009,97404.0386
"Luxembourg","Europe",2019,0.3885,0.1037,62986.8501
"Malta","Europe",2010,0.3092,0.0803,26230.8748
"Malta","Europe",2011,0.3115,0.0944,26066.7687
"Malta","Europe",2012,0.311,0.0992,26469.552
"Malta","Europe",2013,0.3122,0.099,27526.2861
"Malta","Europe",2014,0.334,0.0988,29767.1314
"Malta","Europe",2015,0.3501,0.101,32481.7448
"Malta","Europe",2016,0.3618,0.0953,31723.2954
"Malta","Europe",2017,0.3544,0.1056,34074.6989
"Malta","Europe",2018,0.3582,0.0961,37243.0464
"Malta","Europe",2019,0.3668,0.0939,38182.0496
"Moldova","Europe",2010,0.4538,0.1,5927.681
"Moldova","Europe",2011,0.4505,0.102,6204.3045
"Moldova","Europe",2012,0.4543,0.0985,6239.1512
"Moldova","Europe",2013,0.4514,0.0973,6790.3518
"Moldova","Europe",2014,0.4548,0.0967,7031.562
"Moldova","Europe",2015,0.4669,0.0979,6738.1163
"Moldova","Europe",2016,0.4587,0.0974,6998.2992
"Moldova","Europe",2017,0.4548,0.0971,7340.0609
"Moldova","Europe",2018,0.453,0.0974,7610.233
"Moldova","Europe",2019,0.4514,0.0985,7906.2222
"Montenegro","Europe",2010,0.3943,0.0913,15360.8767
"Montenegro","Europe",2011,0.3943,0.0937,16074.2995
"Montenegro","Europe",2012,0.4027,0.0947,15659.1462
"Montenegro","Europe",2013,0.4044,0.0852,16206.5898
"Montenegro","Europe",2014,0.4049,0.0872,16296.3582
"Montenegro","Europe",2015,0.4134,0.0954,16958.0152
"Montenegro","Europe",2016,0.4111,0.0977,17134.0599
"Montenegro","Europe",2017,0.4036,0.0988,18168.9645
"Montenegro","Europe",2018,0.4065,0.0984,18918.1302
"Montenegro","Europe",2019,0.4047,0.0977,19721.3214
"Netherlands","Europe",2010,0.3425,0.0673,44783.6385
"Netherlands","Europe",2011,0.3424,0.0659,45873.5906
"Netherlands","Europe",2012,0.3462,0.0657,45193.9253
"Netherlands","Europe",2013,0.347,0.0636,44731.4334
"Netherlands","Europe",2014,0.3469,0.0687,44172.884
"Netherlands","Europe",2015,0.3476,0.0688,44850.2795
"Netherlands","Europe",2016,0.3525,0.069,44624.3902
"Netherlands","Europe",2017,0.3589,0.0706,46848.9638
"Netherlands","Europe",2018,0.3609,0.0699,47951.0819
"Netherlands","Europe",2019,0.3627,0.0691,47048.6143
"Norway","Europe",2010,0.3761,0.1223,51868.7
"Norway","Europe",2011,0.3769,0.1224,54332.0612
"Norway","Europe",2012,0.3777,0.1241,54905.8627
"Norway","Europe",2013,0.3785,0.1186,54538.5116
"Norway","Europe",2014,0.3808,0.1151,55873.0719
"Norway","Europe",2015,0.3831,0.0981,56278.7747
"Norway","Europe",2016,0.3854,0.0961,55960.5969
"Norway","Europe",2017,0.3841,0.1,56882.616
"Norway","Europe",2018,0.3818,0.1087,57081.7204
"Norway","Europe",2019,0.3816,0.0933,54056.5708
"Poland","Europe",2010,0.4018,0.1342,19742.8665
"Poland","Europe",2011,0.3928,0.1394,20715.2275
"Poland","Europe",2012,0.399,0.1386,20808.705
"Poland","Europe",2013,0.3978,0.1362,20965.2699
"Poland","Europe",2014,0.3916,0.1426,21509.6685
"Poland","Europe",2015,0.3971,0.1491,22379.7518
"Poland","Europe",2016,0.3988,0.1472,22935.6102
"Poland","Europe",2017,0.4012,0.1452,24092.7358
"Poland","Europe",2018,0.3986,0.1465,25413.1536
"Poland","Europe",2019,0.3958,0.1479,26719.0609
"Portugal","Europe",2010,0.4168,0.1004,24802.1702
"Portugal","Europe",2011,0.4314,0.1116,24594.0105
"Portugal","Europe",2012,0.4368,0.1014,23337.7349
"Portugal","Europe",2013,0.4287,0.1054,23643.9189
"Portugal","Europe",2014,0.4255,0.1072,23701.9513
"Portugal","Europe",2015,0.4335,0.1086,24092.5347
"Portugal","Europe",2016,0.4317,0.1093,24617.2234
"Portugal","Europe",2017,0.4458,0.1165,25481.6541
"Portugal","Europe",2018,0.4401,0.1114,26084.308
"Portugal","Europe",2019,0.4394,0.1089,26494.572
"Romania","Europe",2010,0.3773,0.1442,16130.7027
"Romania","Europe",2011,0.3776,0.1416,16255.731
"Romania","Europe",2012,0.3837,0.1589,16546.9533
"Romania","Europe",2013,0.3877,0.1472,17297.2413
"Romania","Europe",2014,0.3811,0.1652,18176.1715
"Romania","Europe",2015,0.3868,0.1646,18794.9893
"Romania","Europe",2016,0.3986,0.1335,19631.4578
"Romania","Europe",2017,0.3978,0.1348,21378.9483
"Romania","Europe",2018,0.4037,0.1372,22413.3096
"Romania","Europe",2019,0.4023,0.1445,24522.4515
"Serbia","Europe",2010,0.4088,0.1071,12056.2474
"Serbia","Europe",2011,0.4078,0.1257,12077.581
"Serbia","Europe",2012,0.4093,0.126,12044.1086
"Serbia","Europe",2013,0.4194,0.1227,12320.861
"Serbia","Europe",2014,0.4257,0.1451,12074.2829
"Serbia","Europe",2015,0.4191,0.1405,12162.1386
"Serbia","Europe",2016,0.4199,0.1489,12518.3322
"Serbia","Europe",2017,0.4038,0.1111,12590.28
"Serbia","Europe",2018,0.405,0.1084,13427.2298
"Serbia","Europe",2019,0.4075,0.1085,14027.066
"Slovakia","Europe",2010,0.413,0.1099,20521.4422
"Slovakia","Europe",2011,0.4194,0.0957,20686.9047
"Slovakia","Europe",2012,0.4097,0.0941,21391.2136
"Slovakia","Europe",2013,0.4092,0.1159,21646.5309
"Slovakia","Europe",2014,0.4089,0.1019,22119.2205
"Slovakia","Europe",2015,0.4098,0.1112,22937.9284
"Slovakia","Europe",2016,0.4219,0.0909,23441.0868
"Slovakia","Europe",2017,0.426,0.0838,24047.7827
"Slovakia","Europe",2018,0.41,0.0785,25189.7984
"Slovakia","Europe",2019,0.4123,0.074,25649.9337
"Slovenia","Europe",2010,0.4437,0.0718,25225.1566
"Slovenia","Europe",2011,0.4434,0.0702,25292.4274
"Slovenia","Europe",2012,0.4395,0.0693,24173.5278
"Slovenia","Europe",2013,0.4284,0.0706,23911.0323
"Slovenia","Europe",2014,0.4232,0.0781,24794.4208
"Slovenia","Europe",2015,0.4269,0.0711,24670.0141
"Slovenia","Europe",2016,0.4274,0.0738,25780.0457
"Slovenia","Europe",2017,0.4373,0.0795,27507.2963
"Slovenia","Europe",2018,0.4302,0.0803,28973.3184
"Slovenia","Europe",2019,0.4326,0.0796,29940.5737
"Spain","Europe",2010,0.3752,0.1154,28851.214
"Spain","Europe",2011,0.3771,0.1135,28735.8021
"Spain","Europe",2012,0.3818,0.1214,27980.8356
"Spain","Europe",2013,0.3864,0.1204,27799.424
"Spain","Europe",2014,0.389,0.1215,28400.0797
"Spain","Europe",2015,0.3992,0.1242,29848.5687
"Spain","Europe",2016,0.4061,0.125,30789.2689
"Spain","Europe",2017,0.4019,0.1261,31629.8597
"Spain","Europe",2018,0.3955,0.125,32390.3164
"Spain","Europe",2019,0.3958,0.1266,32668.6833
"Sweden","Europe",2010,0.4139,0.1094,37281.4298
"Sweden","Europe",2011,0.4174,0.1038,38039.4116
"Sweden","Europe",2012,0.4195,0.0976,38304.6058
"Sweden","Europe",2013,0.421,0.0977,39472.9901
"Sweden","Europe",2014,0.4185,0.0989,41060.7389
"Sweden","Europe",2015,0.4167,0.1039,42395.1553
"Sweden","Europe",2016,0.4216,0.0908,42802.8299
"Sweden","Europe",2017,0.4242,0.0984,44334.6695
"Sweden","Europe",2018,0.4255,0.094,45088.1294
"Sweden","Europe",2019,0.4243,0.0954,45723.7581
"Switzerland","Europe",2010,0.3151,0.1213,51835.6862
"Switzerland","Europe",2011,0.3211,0.1235,50307.4332
"Switzerland","Europe",2012,0.3226,0.1133,50819.1653
"Switzerland","Europe",2013,0.3251,0.1123,50905.7951
"Switzerland","Europe",2014,0.3351,0.1126,50793.5982
"Switzerland","Europe",2015,0.3435,0.1171,51931.7252
"Switzerland","Europe",2016,0.3497,0.1155,51880.2016
"Switzerland","Europe",2017,0.3602,0.1076,51193.4578
"Switzerland","Europe",2018,0.3537,0.1102,51983.6382
"Switzerland","Europe",2019,0.3549,0.1152,52797.958
"Ukraine","Europe",2010,0.4276,0.0784,10386.9398
"Ukraine","Europe",2011,0.4233,0.079,10997.8174
"Ukraine","Europe",2012,0.4187,0.1015,10697.458
"Ukraine","Europe",2013,0.4215,0.103,10696.863
"Ukraine","Europe",2014,0.4278,0.083,9813.9408
"Ukraine","Europe",2015,0.4257,0.0935,9430.7281
"Ukraine","Europe",2016,0.4277,0.1084,9265.7916
"Ukraine","Europe",2017,0.4278,0.1016,9722.6701
"Ukraine","Europe",2018,0.4262,0.0978,10085.3292
"Ukraine","Europe",2019,0.4222,0.0948,10459.8619
"United Kingdom","Europe",2010,0.376,0.1215,33431.9271
"United Kingdom","Europe",2011,0.3738,0.1302,33790.3738
"United Kingdom","Europe",2012,0.3794,0.1263,32785.6645
"United Kingdom","Europe",2013,0.3765,0.1369,33280.4879
"United Kingdom","Europe",2014,0.3773,0.1323,33621.0225
"United Kingdom","Europe",2015,0.3691,0.1225,34447.5262
"United Kingdom","Europe",2016,0.3819,0.1241,34794.5743
"United Kingdom","Europe",2017,0.3725,0.133,35470.7583
"United Kingdom","Europe",2018,0.3796,0.1296,35876.3263
"United Kingdom","Europe",2019,0.3831,0.126,35480.0197
"Bahamas","North America",2010,0.4121,0.2069,37762.6305
"Bahamas","North America",2011,0.4102,0.2047,37424.7544
"Bahamas","North America",2012,0.4163,0.2028,37973.8953
"Bahamas","North America",2013,0.4157,0.2131,35438.2571
"Bahamas","North America",2014,0.4129,0.2189,34744.2464
"Bahamas","North America",2015,0.413,0.2176,34761.3984
"Bahamas","North America",2016,0.4099,0.2202,33980.7055
"Bahamas","North America",2017,0.4114,0.2144,34335.7335
"Bahamas","North America",2018,0.4194,0.2073,33792.1256
"Bahamas","North America",2019,0.4197,0.2075,33247.4111
"Belize","North America",2010,0.3018,0.2069,7554.3778
"Belize","North America",2011,0.3041,0.2047,7857.1686
"Belize","North America",2012,0.3059,0.2028,7634.5034
"Belize","North America",2013,0.308,0.2131,7524.161
"Belize","North America",2014,0.2988,0.2189,7479.6846
"Belize","North America",2015,0.3049,0.2176,7766.5181
"Belize","North America",2016,0.3022,0.2202,7447.0345
"Belize","North America",2017,0.3111,0.2144,7005.0992
"Belize","North America",2018,0.3122,0.2073,7078.5476
"Belize","North America",2019,0.313,0.2075,7026.5452
"Canada","North America",2010,0.3816,0.1398,37562.8026
"Canada","North America",2011,0.3816,0.1407,37798.2097
"Canada","North America",2012,0.3816,0.1342,38451.5614
"Canada","North America",2013,0.3837,0.1457,38895.5232
"Canada","North America",2014,0.38,0.1506,39488.1882
"Canada","North America",2015,0.3855,0.157,38938.9646
"Canada","North America",2016,0.3842,0.1328,38868.611
"Canada","North America",2017,0.3853,0.149,39884.5315
"Canada","North America",2018,0.3851,0.1395,40355.1667
"Canada","North America",2019,0.3844,0.1391,40235.5835
"Costa Rica","North America",2010,0.3138,0.1897,17186.2087
"Costa Rica","North America",2011,0.3146,0.1909,17512.2157
"Costa Rica","North America",2012,0.3311,0.1717,18073.2164
"Costa Rica","North America",2013,0.3348,0.1734,18043.92
"Costa Rica","North America",2014,0.328,0.1464,18242.177
"Costa Rica","North America",2015,0.3277,0.173,18521.2225
"Costa Rica","North America",2016,0.3182,0.2094,18965.737
"Costa Rica","North America",2017,0.3175,0.1682,19209.8959
"Costa Rica","North America",2018,0.3195,0.2089,19349.3371
"Costa Rica","North America",2019,0.3325,0.1913,19383.2848
"Cuba","North America",2010,0.3273,0.1648,16841.4862
"Cuba","North America",2011,0.3399,0.1395,17355.2281
"Cuba","North America",2012,0.3518,0.1273,17807.652
"Cuba","North America",2013,0.3525,0.139,18236.5829
"Cuba","North America",2014,0.3494,0.15,18268.6456
"Cuba","North America",2015,0.3561,0.1669,19057.9495
"Cuba","North America",2016,0.3606,0.1562,19046.2769
"Cuba","North America",2017,0.3664,0.1632,19335.4322
"Cuba","North America",2018,0.3676,0.1608,19778.252
"Cuba","North America",2019,0.369,0.1668,19763.9199
"Dominican Republic","North America",2010,0.3396,0.2069,15348.3169
"Dominican Republic","North America",2011,0.3489,0.2047,15485.1078
"Dominican Republic","North America",2012,0.3492,0.2028,15561.0815
"Dominican Republic","North America",2013,0.3431,0.2131,15806.6681
"Dominican Republic","North America",2014,0.3533,0.2189,16544.3885
"Dominican Republic","North America",2015,0.347,0.2176,17510.6331
"Dominican Republic","North America",2016,0.3459,0.2202,18321.7486
"Dominican Republic","North America",2017,0.3605,0.2144,18702.2777
"Dominican Republic","North America",2018,0.3549,0.2073,19717.3523
"Dominican Republic","North America",2019,0.3587,0.2075,20316.0577
"El Salvador","North America",2010,0.3154,0.1385,9042.6848
"El Salvador","North America",2011,0.3179,0.1638,9239.8096
"El Salvador","North America",2012,0.3204,0.1891,9236.9733
"El Salvador","North America",2013,0.3222,0.2512,9242.0156
"El Salvador","North America",2014,0.3274,0.2403,9230.04
"El Salvador","North America",2015,0.3186,0.1854,9286.9241
"El Salvador","North America",2016,0.3184,0.221,9298.427
"El Salvador","North America",2017,0.3152,0.1884,9304.4148
"El Salvador","North America",2018,0.3175,0.1448,9374.3776
"El Salvador","North America",2019,0.3131,0.1446,9466.2431
"Guatemala","North America",2010,0.2716,0.2069,9766.2884
"Guatemala","North America",2011,0.2718,0.2047,9798.1212
"Guatemala","North America",2012,0.2731,0.2028,9813.6765
"Guatemala","North America",2013,0.2744,0.2131,9818.0454
"Guatemala","North America",2014,0.2758,0.2189,9888.9338
"Guatemala","North America",2015,0.2596,0.2176,9978.6718
"Guatemala","North America",2016,0.266,0.2202,9930.0329
"Guatemala","North America",2017,0.2568,0.2144,9917.2786
"Guatemala","North America",2018,0.2582,0.2073,9932.6049
"Guatemala","North America",2019,0.2599,0.2075,9982.4241
"Haiti","North America",2010,0.2626,0.2069,4248.1172
"Haiti","North America",2011,0.2639,0.2047,4319.0273
"Haiti","North America",2012,0.2658,0.2028,4295.4508
"Haiti","North America",2013,0.2676,0.2131,4329.6638
"Haiti","North America",2014,0.2701,0.2189,4323.9754
"Haiti","North America",2015,0.2727,0.2176,4324.927
"Haiti","North America",2016,0.275,0.2202,4322.7216
"Haiti","North America",2017,0.2774,0.2144,4330.4755
"Haiti","North America",2018,0.2796,0.2073,4270.195
"Haiti","North America",2019,0.2825,0.2075,4086.6515
"Honduras","North America",2010,0.2708,0.2069,6469.8925
"Honduras","North America",2011,0.2696,0.2047,6524.9286
"Honduras","North America",2012,0.2695,0.2028,6486.3988
"Honduras","North America",2013,0.2666,0.2131,6419.5989
"Honduras","North America",2014,0.2711,0.2189,6356.6071
"Honduras","North America",2015,0.2694,0.2176,6501.7788
"Honduras","North America",2016,0.2691,0.2202,6495.6985
"Honduras","North America",2017,0.2576,0.2144,6685.2178
"Honduras","North America",2018,0.2726,0.2073,6584.1314
"Honduras","North America",2019,0.2885,0.2075,6651.885
"Jamaica","North America",2010,0.3904,0.2069,10123.2885
"Jamaica","North America",2011,0.3923,0.2047,10171.6221
"Jamaica","North America",2012,0.3951,0.2028,10195.579
"Jamaica","North America",2013,0.3928,0.2131,10042.4303
"Jamaica","North America",2014,0.3924,0.2189,9982.7289
"Jamaica","North America",2015,0.3919,0.2176,9775.1653
"Jamaica","North America",2016,0.3954,0.2202,9643.1724
"Jamaica","North America",2017,0.3988,0.2144,9752.5842
"Jamaica","North America",2018,0.4022,0.2073,9676.6948
"Jamaica","North America",2019,0.4054,0.2075,9607.6115
"Mexico","North America",2010,0.3075,0.2561,18492.4964
"Mexico","North America",2011,0.3119,0.276,18811.4633
"Mexico","North America",2012,0.3163,0.2958,19098.3599
"Mexico","North America",2013,0.3136,0.3056,18849.9567
"Mexico","North America",2014,0.3109,0.3153,19155.549
"Mexico","North America",2015,0.313,0.3147,19193.5971
"Mexico","North America",2016,0.315,0.3141,19159.0965
"Mexico","North America",2017,0.3209,0.2991,19118.5803
"Mexico","North America",2018,0.3269,0.2842,19000.6093
"Mexico","North America",2019,0.3321,0.2842,18535.3674
"Nicaragua","North America",2010,0.3034,0.2069,5949.4758
"Nicaragua","North America",2011,0.3011,0.2047,6176.4049
"Nicaragua","North America",2012,0.2993,0.2028,6318.3445
"Nicaragua","North America",2013,0.2979,0.2131,6401.9735
"Nicaragua","North America",2014,0.2921,0.2189,6637.2328
"Nicaragua","North America",2015,0.2959,0.2176,6790.7963
"Nicaragua","North America",2016,0.2993,0.2202,6873.757
"Nicaragua","North America",2017,0.3015,0.2144,7018.7876
"Nicaragua","North America",2018,0.2977,0.2073,6647.5797
"Nicaragua","North America",2019,0.2937,0.2075,6247.2046
"Panama","North America",2010,0.3592,0.2069,23036.3201
"Panama","North America",2011,0.3592,0.2047,25814.6989
"Panama","North America",2012,0.3593,0.2028,27484.3745
"Panama","North America",2013,0.3593,0.2131,28792.4792
"Panama","North America",2014,0.3658,0.2189,28620.0281
"Panama","North America",2015,0.3723,0.2176,30214.305
"Panama","North America",2016,0.3788,0.2202,30661.712
"Panama","North America",2017,0.3799,0.2144,32023.0943
"Panama","North America",2018,0.3841,0.2073,32085.4072
"Panama","North America",2019,0.3941,0.2075,32288.2359
"Trinidad and Tobago","North America",2010,0.3628,0.2069,26211.3448
"Trinidad and Tobago","North America",2011,0.3616,0.2047,23892.2961
"Trinidad and Tobago","North America",2012,0.3651,0.2028,24594.8346
"Trinidad and Tobago","North America",2013,0.369,0.2131,25931.9855
"Trinidad and Tobago","North America",2014,0.3704,0.2189,25292.7729
"Trinidad and Tobago","North America",2015,0.3676,0.2176,27158.4897
"Trinidad and Tobago","North America",2016,0.3776,0.2202,25090.8002
"Trinidad and Tobago","North America",2017,0.3776,0.2144,24766.1685
"Trinidad and Tobago","North America",2018,0.3781,0.2073,23848.5687
"Trinidad and Tobago","North America",2019,0.3788,0.2075,23426.0665
"USA","North America",2010,0.3773,0.179,47693.062
"USA","North America",2011,0.3741,0.1808,48686.0073
"USA","North America",2012,0.3745,0.1948,49800.4237
"USA","North America",2013,0.3751,0.1847,50131.787
"USA","North America",2014,0.3742,0.1897,51236.3313
"USA","North America",2015,0.3776,0.1889,52612.2186
"USA","North America",2016,0.3788,0.1867,52320.7019
"USA","North America",2017,0.3817,0.1905,53102.8251
"USA","North America",2018,0.3849,0.1925,53922.4341
"USA","North America",2019,0.3937,0.1906,54422.1975
"Australia","Oceania",2010,0.3552,0.1149,39264.2056
"Australia","Oceania",2011,0.356,0.1094,39415.6569
"Australia","Oceania",2012,0.3568,0.1165,39575.734
"Australia","Oceania",2013,0.3576,0.1248,40157.5205
"Australia","Oceania",2014,0.3584,0.1191,39875.0624
"Australia","Oceania",2015,0.3599,0.1182,39045.8927
"Australia","Oceania",2016,0.3618,0.1143,39640.2128
"Australia","Oceania",2017,0.3632,0.128,39885.6421
"Australia","Oceania",2018,0.3645,0.1123,40403.8076
"Australia","Oceania",2019,0.3657,0.1128,40185.8283
"New Zealand","Oceania",2010,0.3738,0.0951,34867.7666
"New Zealand","Oceania",2011,0.3753,0.1026,35661.4927
"New Zealand","Oceania",2012,0.3765,0.1137,35767.8133
"New Zealand","Oceania",2013,0.3753,0.1019,37171.2957
"New Zealand","Oceania",2014,0.3748,0.1039,37585.9461
"New Zealand","Oceania",2015,0.3749,0.1096,39181.3094
"New Zealand","Oceania",2016,0.3792,0.1117,40566.6518
"New Zealand","Oceania",2017,0.3794,0.1177,42004.3986
"New Zealand","Oceania",2018,0.3827,0.1194,37786.8466
"New Zealand","Oceania",2019,0.3854,0.1187,38081.7226
"Papua New Guinea","Oceania",2010,0.228,0.1671,4493.4693
"Papua New Guinea","Oceania",2011,0.2296,0.1672,4463.6863
"Papua New Guinea","Oceania",2012,0.2291,0.1673,4537.7612
"Papua New Guinea","Oceania",2013,0.2295,0.1665,4599.4698
"Papua New Guinea","Oceania",2014,0.2339,0.1666,5185.1819
"Papua New Guinea","Oceania",2015,0.234,0.1656,5385.2148
"Papua New Guinea","Oceania",2016,0.2356,0.1665,5568.6879
"Papua New Guinea","Oceania",2017,0.2372,0.167,5549.6794
"Papua New Guinea","Oceania",2018,0.2376,0.1669,5334.4949
"Papua New Guinea","Oceania",2019,0.2389,0.1666,5426.7824
"Argentina","South America",2010,0.3507,0.1169,19400.6109
"Argentina","South America",2011,0.3522,0.1173,21092.5842
"Argentina","South America",2012,0.352,0.0832,20885.7454
"Argentina","South America",2013,0.3522,0.0994,21727.8204
"Argentina","South America",2014,0.3509,0.1038,20819.2652
"Argentina","South America",2015,0.354,0.1346,21149.5907
"Argentina","South America",2016,0.3571,0.1654,20309.8258
"Argentina","South America",2017,0.3605,0.1515,20642.7788
"Argentina","South America",2018,0.3626,0.1843,19609.0941
"Argentina","South America",2019,0.3676,0.217,18825.6347
"Bolivia","South America",2010,0.2989,0.2069,8174.9994
"Bolivia","South America",2011,0.2987,0.2047,8420.1515
"Bolivia","South America",2012,0.3084,0.2028,8441.4305
"Bolivia","South America",2013,0.3115,0.2131,8793.0316
"Bolivia","South America",2014,0.308,0.2189,9168.3536
"Bolivia","South America",2015,0.294,0.2176,9566.4573
"Bolivia","South America",2016,0.3397,0.2202,9903.4072
"Bolivia","South America",2017,0.3261,0.2144,9958.6576
"Bolivia","South America",2018,0.3295,0.2073,10215.1335
"Bolivia","South America",2019,0.3372,0.2075,10184.0869
"Brazil","South America",2010,0.3488,0.2797,15811.2461
"Brazil","South America",2011,0.3528,0.276,16216.1901
"Brazil","South America",2012,0.3554,0.2964,16329.1642
"Brazil","South America",2013,0.3581,0.2611,16747.6011
"Brazil","South America",2014,0.3651,0.2633,16433.5812
"Brazil","South America",2015,0.3721,0.2522,15524.5964
"Brazil","South America",2016,0.3791,0.2744,14745.1231
"Brazil","South America",2017,0.3821,0.2664,14781.2749
"Brazil","South America",2018,0.3834,0.2341,14720.2528
"Brazil","South America",2019,0.3847,0.2569,14702.3052
"Chile","South America",2010,0.3263,0.2597,20345.1272
"Chile","South America",2011,0.3353,0.2602,21223.192
"Chile","South America",2012,0.3411,0.2585,22471.6515
"Chile","South America",2013,0.3469,0.2569,22977.5699
"Chile","South America",2014,0.3523,0.264,23185.2985
"Chile","South America",2015,0.3576,0.271,23440.8019
"Chile","South America",2016,0.3655,0.2709,23301.8918
"Chile","South America",2017,0.3733,0.2707,22754.0604
"Chile","South America",2018,0.3775,0.2707,23163.0523
"Chile","South America",2019,0.3793,0.2707,22806.6867
"Colombia","South America",2010,0.3487,0.19,12327.5569
"Colombia","South America",2011,0.3531,0.2083,12829.955
"Colombia","South America",2012,0.3576,0.1838,13126.9786
"Colombia","South America",2013,0.362,0.1916,13618.8936
"Colombia","South America",2014,0.3654,0.1946,13954.2744
"Colombia","South America",2015,0.3689,0.1862,14373.8323
"Colombia","South America",2016,0.3723,0.1889,14408.6409
"Colombia","South America",2017,0.3736,0.1789,14122.8157
"Colombia","South America",2018,0.3729,0.1989,14050.9108
"Colombia","South America",2019,0.3617,0.1989,14192.2943
"Ecuador","South America",2010,0.289,0.2149,11486.2445
"Ecuador","South America",2011,0.2828,0.14,12258.5827
"Ecuador","South America",2012,0.2887,0.1728,12661.4325
"Ecuador","South America",2013,0.283,0.1695,13004.9575
"Ecuador","South America",2014,0.2781,0.1853,13179.8608
"Ecuador","South America",2015,0.2825,0.1726,12817.3518
"Ecuador","South America",2016,0.2883,0.147,12290.6878
"Ecuador","South America",2017,0.2873,0.1507,12241.9717
"Ecuador","South America",2018,0.2855,0.1297,12062.8809
"Ecuador","South America",2019,0.2858,0.1367,11759.4174
"Guyana","South America",2010,0.2733,0.2069,12363.8156
"Guyana","South America",2011,0.279,0.2047,12761.0783
"Guyana","South America",2012,0.2836,0.2028,13435.0236
"Guyana","South America",2013,0.288,0.2131,13734.0548
"Guyana","South America",2014,0.2926,0.2189,13726.8829
"Guyana","South America",2015,0.2975,0.2176,13590.6389
"Guyana","South America",2016,0.3025,0.2202,13573.701
"Guyana","South America",2017,0.3085,0.2144,13669.1606
"Guyana","South America",2018,0.3144,0.2073,13954.1699
"Guyana","South America",2019,0.3177,0.2075,14382.1182
"Paraguay","South America",2010,0.2957,0.2069,12351.4501
"Paraguay","South America",2011,0.3099,0.2047,12746.3255
"Paraguay","South America",2012,0.3241,0.2028,12152.8961
"Paraguay","South America",2013,0.3384,0.2131,12945.5345
"Paraguay","South America",2014,0.3325,0.2189,13375.5842
"Paraguay","South America",2015,0.3266,0.2176,13432.3484
"Paraguay","South America",2016,0.3207,0.2202,13627.846
"Paraguay","South America",2017,0.3197,0.2144,14082.8095
"Paraguay","South America",2018,0.3308,0.2073,14224.5473
"Paraguay","South America",2019,0.3357,0.2075,13774.7644
"Peru","South America",2010,0.3189,0.2442,10863.2432
"Peru","South America",2011,0.3231,0.2399,11293.8366
"Peru","South America",2012,0.3272,0.22,11920.4051
"Peru","South America",2013,0.3314,0.2344,12503.1936
"Peru","South America",2014,0.3353,0.243,12681.4957
"Peru","South America",2015,0.3393,0.2483,12922.5161
"Peru","South America",2016,0.3432,0.2439,12879.0427
"Peru","South America",2017,0.3442,0.2365,12646.2263
"Peru","South America",2018,0.343,0.2504,12802.4468
"Peru","South America",2019,0.3408,0.2121,12687.5145
"Suriname","South America",2010,0.3002,0.2069,20343.0886
"Suriname","South America",2011,0.3046,0.2047,20346.976
"Suriname","South America",2012,0.3078,0.2028,21007.3118
"Suriname","South America",2013,0.3092,0.2131,21633.3956
"Suriname","South America",2014,0.3068,0.2189,21632.066
"Suriname","South America",2015,0.3079,0.2176,20758.0381
"Suriname","South America",2016,0.3059,0.2202,18254.1082
"Suriname","South America",2017,0.3068,0.2144,16797.8467
"Suriname","South America",2018,0.3084,0.2073,17785.761
"Suriname","South America",2019,0.3085,0.2075,17770.1355
"Uruguay","South America",2010,0.3655,0.1625,19192.4749
"Uruguay","South America",2011,0.3681,0.161,20261.9867
"Uruguay","South America",2012,0.3708,0.126,20034.3194
"Uruguay","South America",2013,0.3734,0.1483,21242.5135
"Uruguay","South America",2014,0.3777,0.1608,21533.7014
"Uruguay","South America",2015,0.3819,0.1936,21871.3742
"Uruguay","South America",2016,0.3861,0.1562,21982.942
"Uruguay","South America",2017,0.3879,0.1872,21993.5142
"Uruguay","South America",2018,0.3882,0.1685,21936.994
"Uruguay","South America",2019,0.3849,0.1466,21869.7899
"Venezuela","South America",2010,0.3305,0.2069,21987.2821
"Venezuela","South America",2011,0.3342,0.2047,22132.362
"Venezuela","South America",2012,0.3376,0.2028,22737.8289
"Venezuela","South America",2013,0.3388,0.2131,22823.0164
"Venezuela","South America",2014,0.3412,0.2189,21717.7327
"Venezuela","South America",2015,0.3445,0.2176,20147.5531
"Venezuela","South America",2016,0.3494,0.2202,16682.268
"Venezuela","South America",2017,0.352,0.2144,14293.4882
"Venezuela","South America",2018,0.3542,0.2073,11712.635
"Venezuela","South America",2019,0.3557,0.2075,8316.7013
